UUID,Title,"First Name","Last Name","Street Address",Barangay,Municipality,Province,Country,"Phone Number","Mobile Number","Company Name","Company Website","Job Title","Favorite Color",Birthdate,"Email Address",Password
ba9cf073-5e4d-3617-bacd-1d7bb9353ed0,Miss,Ramiro,Cormier,"58/75 Kris Orchard","Suite 107",Malabon,"South Carolina",Philippines,360-495-967,"+63 (934) 132-3557","Hintz, Conn and Sawayn",http://parisian.org/est-quos-aut-possimus-et.html,Bookkeeper,navy,2003-06-14,lcremin@gmail.com,"]OJm(^""u3oTc3"
9a835261-0299-34a8-96b1-884ac673a4e3,Dr.,Cornelius,McKenzie,"79A Gulgowski Lights Apt. 978","Suite 594","San Jose del Monte",Montana,Philippines,323-499-112,"+63 (921) 500-5044","Rempel Group",http://www.heaney.com/reiciendis-voluptas-ad-placeat-cupiditate,"Motorboat Operator",black,1971-01-20,xcronin@hotmail.com,"EA`nO}8%6m\f)k]j""@"
02447284-3be9-38c5-9886-121b7c55b7cc,Miss,Alex,Sanford,"91A Mitchell Mill","Apt. 858",Panabo,Colorado,Philippines,502-124-275,"(0915) 939-6546",Abshire-Lowe,http://www.williamson.com/dolore-iusto-optio-suscipit-blanditiis-ullam,"General Manager",gray,1978-10-29,kailey.volkman@runte.com,"R2qKYb\(f1VP7)s:eF"""
76dba64f-4c71-355d-b12b-c554af077c4f,Mr.,Gertrude,Leuschke,"96A Welch Estates Suite 515","Apt. 849",Malaybalay,Minnesota,Philippines,762-530-318,"+63 (975) 032-4094",Hettinger-Hills,https://www.berge.net/totam-nisi-quia-quis-culpa-ratione-non-maxime,"Psychiatric Aide",olive,2009-04-22,carrie71@yahoo.com,Ay+{NOZ8;|X0gYu:c
3ce51b34-5b8e-33c6-a6fe-a69644038f83,Prof.,Alfred,Durgan,"35 Quigley Spurs","Apt. 773",Tanjay,Arizona,Philippines,195-416-007,"(0944) 696-3244","Rice, Lindgren and Wisoky",http://yundt.com/,"Talent Director",lime,1981-10-22,ratke.kallie@yahoo.com,"w(Y$Sq(YV""WIu(6jUM<"
4bd25464-27d3-3bdf-8dcc-108bbead452f,Mr.,Raheem,Hackett,"00A Kautzer Ridges Suite 561","Suite 479",Ormoc,Alaska,Philippines,354-930-505,"+63 (942) 415-3380",Quigley-Brown,http://www.stark.com/et-in-illum-eos-est-aut,"Law Enforcement Teacher",lime,2008-12-16,wconsidine@hotmail.com,"UW(L\:V%"
b5f714f0-d67a-3f9c-baff-9d917c9e6d52,Miss,Ronny,Parker,"66A Volkman Grove","Suite 061",Baybay,Wisconsin,Philippines,939-955-409,"(0929) 659-0972","Weber Inc",http://www.anderson.info/assumenda-et-sint-magni,"Recyclable Material Collector",green,2011-08-17,gutmann.gaston@shanahan.com,X=Ub.nO.
a17899ce-9eae-3855-8ea1-fd16fb5d2104,Mrs.,Dandre,Volkman,"49 Bednar Station","Suite 058","Zamboanga City","North Dakota",Philippines,413-432-272,"+63 (937) 726-5832","Reinger, Raynor and Considine",http://www.lang.net/,"Program Director",gray,1983-10-21,marvin.crystal@yahoo.com,"I-76`UbYU~""/,"
d3bab2c9-345a-383b-9297-39d08551d530,Prof.,Efrain,Konopelski,"14/68 Prosacco Crossing","Apt. 004",Naga,Indiana,Philippines,460-898-370,"+63 (930) 786-1212","Larson PLC",http://howell.com/,"Cutting Machine Operator",olive,1992-06-25,williamson.florencio@yahoo.com,"k{jM""l]824Vn]Ek5"
2a97c08e-f123-3261-a07a-5900353b5d1b,Prof.,Eino,Gibson,"60A Heaney Lodge Apt. 176","Apt. 185",Cadiz,Wisconsin,Philippines,505-893-833,"+63 (921) 796-5286",Stiedemann-Skiles,http://waelchi.com/,"Licensed Practical Nurse",olive,1999-12-30,green.kira@white.com,km6Z9*iC
0ad84f71-c3c6-3748-a8b3-95e269ecb604,Dr.,Laurine,Dietrich,"89/96 Sawayn Islands","Apt. 945",Cabanatuan,Oregon,Philippines,439-971-617,"(0906) 513-5635","Hartmann and Sons",http://renner.com/et-accusamus-commodi-ipsa-atque,"Agricultural Technician",silver,1973-04-30,crona.ansley@frami.org,"t&u'fKDR]$Z!p\?N"
87742c01-2ea1-3d23-b608-0991d6a4d5e7,Prof.,Bertrand,Friesen,"98 Hauck Island Apt. 000","Suite 695",Valenzuela,Nevada,Philippines,730-419-621,"(0947) 781-6064","Fay, Prohaska and Wyman",http://hauck.com/recusandae-cupiditate-nobis-excepturi-aperiam-expedita-est-voluptatum,"Plastic Molding Machine Operator",blue,2016-06-27,jborer@paucek.com,uL8lhWjxd#/]'s?a'lL!
3e8ba101-b6e6-3c72-8e56-d5b89617a3cc,Miss,Heber,D'Amore,"76A Koelpin Mountain","Apt. 712",Ozamiz,Nevada,Philippines,994-017-709,"+63 (980) 269-2163","D'Amore, Paucek and Lowe",http://www.anderson.info/maiores-rerum-modi-labore-eum,"Administrative Support Supervisors",olive,2024-04-28,gage17@herman.com,"uFa\hto8nHu}R5R05"
9fa1c005-39bd-32b7-91aa-ae27241bc3d7,Dr.,Kaelyn,Cruickshank,"66/79 Klein Summit Suite 172","Suite 556","Cagayan de Oro","North Dakota",Philippines,769-952-824,"(0940) 701-5758","Hickle LLC",https://www.lynch.biz/laborum-sint-at-non-perferendis-commodi,"Insulation Installer",teal,1996-05-31,ernesto.denesik@hane.net,7Av1.(>F
7d8a98a8-6473-3369-8d20-b6747c324bc9,Prof.,Augustine,Osinski,"90A Ruecker Bridge","Suite 004",Urdaneta,Oklahoma,Philippines,705-673-593,"(0942) 007-6673","Prosacco PLC",http://abbott.com/nemo-quo-sunt-culpa-saepe.html,"Semiconductor Processor",navy,1975-04-19,blarkin@yahoo.com,f~p;c:1PB
5b309a89-29b5-304a-8b6e-be1c8b84b882,Prof.,Cathrine,Stracke,"46 Dooley Flats Suite 716","Apt. 647",Pasay,"New York",Philippines,970-890-770,"(0928) 472-1352",Denesik-Fritsch,http://www.nolan.com/accusantium-a-numquam-voluptatem-labore,"Conservation Scientist",fuchsia,1986-01-05,mavis46@yahoo.com,O((=$h[
22fa2259-df44-3db1-910e-76a6131b6b8a,Mr.,Lazaro,Kshlerin,"78A Herzog Court","Apt. 445",Maasin,California,Philippines,127-520-132,"(0917) 735-1067","Yundt, Pfeffer and Buckridge",http://lakin.net/aliquam-soluta-cupiditate-accusamus-quasi-illo-unde-est.html,Trainer,aqua,1997-02-10,cara43@yahoo.com,$vjQ&>yM!/R
70ad8aa5-a9eb-3f14-923d-ff81acd1c742,Mrs.,Joe,Satterfield,"99 Crona Manor Apt. 452","Suite 400",Cabuyao,Utah,Philippines,009-487-996,"(0935) 355-4517",Heller-Littel,http://lemke.info/repellat-libero-optio-ab-ipsam-suscipit-velit,"Broadcast News Analyst",black,1987-08-30,heathcote.carson@yahoo.com,"j1hHu%%yb\pT&@)"">"
cbc0f8a5-7447-37b7-847c-067f1cfc5a19,Mrs.,Norberto,Weber,"67A Emard Ridge Apt. 525","Apt. 572",Sipalay,Oklahoma,Philippines,152-942-616,"+63 (918) 070-9073","Hansen, Metz and Eichmann",https://www.marquardt.com/dolore-quam-fugiat-perferendis-autem-assumenda-minus,"Hand Presser",blue,2017-12-15,leta59@ruecker.com,"7""Gl5zt7!'a#%r/9/c65"
c8204ba1-d478-3906-9618-c57f9a65e619,Miss,Gladys,Kautzer,"39/23 Kuhn Vista Apt. 581","Suite 098",Santiago,Tennessee,Philippines,835-596-054,"+63 (922) 345-5614","Kovacek, Mraz and Dicki",http://corkery.com/perferendis-quisquam-voluptas-cumque-quos,"Floor Layer",yellow,2014-09-17,cleve25@heidenreich.com,9p-8$b8f&ccUm.d
6165449c-bb57-34ce-b88d-ca11774c701c,Dr.,Bria,D'Amore,"22 Carter Parkways","Suite 055",Marikina,Kansas,Philippines,311-631-560,"+63 (917) 106-8576","Hermann, Gibson and Ullrich",https://www.cole.net/ullam-sed-culpa-officiis-numquam,"Locomotive Firer",silver,2010-07-14,vhowe@gerlach.com,">VvA""3f*.J-jipG"
ba835971-e488-35a0-af73-310a85a0d949,Dr.,Talon,Durgan,"84/39 Purdy Locks Suite 566","Suite 102",Dagupan,Wyoming,Philippines,305-638-179,"(0999) 602-7907","Glover, Orn and Wiegand",http://www.kuhlman.biz/voluptas-id-aliquid-tempora-quia-minima-qui-sit,"Automotive Specialty Technician",olive,1983-12-17,cremin.braxton@gmail.com,"C~?LW_w,X41knFC;Xt"
2593afd9-223f-3ac4-bd12-b8f531caff23,Mr.,Daija,Emmerich,"33A Moore Ford Apt. 747","Suite 227",Bacoor,Minnesota,Philippines,545-373-128,"(0978) 891-1020",Runolfsdottir-Pollich,http://www.schultz.net/,"Milling Machine Operator",navy,1996-08-22,mkovacek@yahoo.com,"US:ba2V}/\g~FPF'=&:M"
7ad5e006-4f49-3017-b856-8597603d581a,Dr.,Roger,Gleichner,"99A Huels Mountains","Suite 127",Panabo,Ohio,Philippines,600-811-719,"+63 (817) 605-3623",Feil-Collier,http://kling.org/voluptas-voluptate-reiciendis-dolor-est,"Electric Motor Repairer",blue,1976-08-01,mayer.august@kiehn.com,Qw2Q@Ycay
e5a79d3a-d5a0-324b-8fb8-a4234b86458b,Prof.,Donato,Mante,"72A/34 Bahringer Brooks Apt. 363","Apt. 947",Samal,"District of Columbia",Philippines,886-653-447,"+63 (907) 387-4035","Gulgowski, Hill and Aufderhar",http://haley.net/fugiat-velit-sed-quam-totam.html,"Precious Stone Worker",gray,1985-10-31,cassandre86@von.info,-DA6K1!mx8`k>}!/?C
57896857-73ba-36af-8081-8a2063337028,Dr.,Brielle,Waelchi,"98/70 Gottlieb Light","Apt. 885","Tarlac City",Massachusetts,Philippines,691-024-111,"+63 (939) 246-0846","Murray, Leffler and Bauch",https://www.pouros.com/maxime-voluptas-repellat-et-exercitationem,"System Administrator",fuchsia,2024-08-15,mitchell.jamaal@gmail.com,b~BF7Ga)
d1466c8f-0b8f-34be-ba6d-ad4dfba2c955,Mrs.,Evan,Harvey,"81A Hintz Stravenue","Suite 287",Sagay,Virginia,Philippines,603-573-182,"(0947) 769-8053",Sawayn-Blick,http://witting.net/sapiente-architecto-et-harum-autem-harum-dolor-officiis,"Molding and Casting Worker",blue,1998-01-06,harvey.mauricio@hotmail.com,`Z`=7hl'JgS:
057e7bac-a81a-3dd3-a0d5-e618be745dbb,Dr.,Savion,Witting,"72A Hyatt Locks","Apt. 595",Gapan,"North Carolina",Philippines,851-400-913,"(0936) 931-5359","Lowe Group",https://www.rogahn.info/hic-non-consectetur-eos-libero,"Visual Designer",maroon,2006-09-12,clovis.olson@yahoo.com,"#l:?iPak#|M\Wr\VN"
3345c13b-eaf0-31b1-a1ec-6ddb76899360,Miss,Jalyn,Ward,"50 Bauch Bypass Apt. 394","Suite 506",Parañaque,Hawaii,Philippines,223-047-593,"+63 (926) 062-5934","Lubowitz Inc",http://www.dibbert.com/ut-consequatur-aliquid-maxime-enim-et-sunt-quo,"Industrial Engineer",navy,2008-06-09,sister.stokes@gmail.com,{zx;S1
13d172e5-5cc6-3bf5-8fa3-9c57c8a9123d,Miss,Jerod,Hegmann,"24 Grady Points","Suite 375","Tarlac City",Louisiana,Philippines,146-968-844,"+63 (946) 433-8410","Parisian and Sons",http://www.wilkinson.com/magnam-maiores-ut-incidunt-ducimus-perspiciatis.html,"Interpreter OR Translator",white,2018-04-16,marcella48@hegmann.info,icPloi
d7b6d3de-26a3-335c-b406-8bc6cc0f08a6,Dr.,Rahsaan,Lubowitz,"73A Kilback Lakes","Apt. 996",Bais,Utah,Philippines,917-853-913,"(0996) 577-4533","Sporer LLC",https://www.reichert.com/consequatur-ipsam-eum-alias-quidem-et,"Casting Machine Operator",navy,1979-01-10,abby65@hotmail.com,"=z^&qb4t>R?,N5]B~z^"
a073375d-b4ef-3673-9dbd-eb8c1ee0457f,Dr.,Colton,Dibbert,"37/45 Smith Road Apt. 510","Suite 952",Valenzuela,Indiana,Philippines,212-230-803,"+63 (933) 043-3844",D'Amore-Towne,http://www.torp.com/,"Agricultural Manager",white,1995-12-28,hbalistreri@gmail.com,"(%X'T|%u=d""Q`t""F"
75e49b87-4046-31ac-b0dc-913ffe0e6ce6,Ms.,Bethany,Considine,"68 Tillman Park Apt. 336","Suite 707",Koronadal,Wyoming,Philippines,118-164-076,"(0927) 955-4552","Dach Ltd",http://donnelly.info/maxime-tempora-aliquam-necessitatibus-alias-impedit-reiciendis,"Locomotive Engineer",blue,1976-05-01,harber.maiya@gmail.com,"P.Cl""!m1u?bCH5Z$H("
60144be7-8e57-34b5-b960-ec892677dab0,Prof.,Jordyn,Kuhn,"32 Reynolds Grove","Apt. 909",Pasig,Ohio,Philippines,381-549-382,"(0925) 932-0509","Mitchell LLC",http://www.emard.com/temporibus-maxime-inventore-unde-amet-qui-sed-voluptas-iusto,"Credit Authorizer",navy,1974-09-01,philpert@hotmail.com,Qv0+(#8%9tMW{bB
2aa6f6df-2e57-3c66-a4d8-cfc12763d75c,Prof.,Savanna,Lynch,"96A Hodkiewicz Bypass","Suite 968","San Juan",Florida,Philippines,827-090-860,"(0930) 622-7212","Parisian, Kassulke and Weimann",https://www.mertz.com/qui-quo-eligendi-dolorem,"Copy Machine Operator",olive,2023-09-14,bpurdy@lindgren.com,O7M=SvRu|M.0XM
ee7e0355-bbe8-38dc-8ba3-851def61e12b,Mr.,Melvin,Herman,"51/60 Beier Key Apt. 639","Apt. 974","Iloilo City","New Mexico",Philippines,204-177-532,"+63 (978) 109-7335","Roob, Borer and Greenfelder",https://kuvalis.biz/voluptas-quisquam-magni-sint-et-qui-repellendus.html,"Plant Scientist",silver,1982-08-18,thagenes@hotmail.com,+PXr!t-
b57febcc-b430-36af-aece-e3f36eeb16bd,Ms.,Levi,Waelchi,"58A/59 Simonis Ford","Apt. 800",Pasay,Alaska,Philippines,039-355-274,"(0813) 241-1702","Dach Group",http://www.king.info/,"Physical Therapist",silver,1987-08-04,pledner@yahoo.com,.w3~_/rS:v*R
8547fd99-2cbf-3539-ba5e-0cd5e45bd132,Dr.,Ellie,Schultz,"24A/40 O'Hara Island","Apt. 881",Catbalogan,Michigan,Philippines,829-990-279,"(0932) 906-7994","Kuhlman and Sons",http://schultz.com/cumque-nihil-dolorem-consequatur.html,"Statement Clerk",lime,2000-06-29,ward.jaida@yundt.com,jL!rYUt40<>y>%(PL
7598fd86-97b0-336a-ac70-317cadc24229,Mr.,Archibald,Ortiz,"58A/42 Kuhn Mountains Suite 713","Suite 731","Zamboanga City",Virginia,Philippines,910-700-617,"+63 (934) 113-0070",Ritchie-Davis,http://wiegand.com/similique-qui-ut-inventore,"Entertainment Attendant",navy,2005-06-13,coy.tremblay@lemke.com,EW$pmC_mmA+l*
2b699237-689d-3a77-9d91-0b919e7beae1,Miss,Casey,Ziemann,"73 Torphy Via Apt. 456","Suite 435",Urdaneta,Idaho,Philippines,364-145-253,"+63 (909) 229-9150",Auer-Dach,http://greenholt.com/ex-aut-quia-ipsum-facilis-quae-ut,"Precision Aircraft Systems Assemblers",lime,1990-04-06,elang@yahoo.com,"K/I0+@pt""U!-dP"
7bd9a45d-c03f-33c5-a522-2a42ee1aea3d,Dr.,Autumn,Beier,"95/72 Daugherty Course Apt. 006","Suite 370","General Santos",Georgia,Philippines,165-654-841,"(0813) 530-0280","Kling, Stokes and Jacobson",https://www.steuber.com/magni-ut-aut-dicta-maiores-voluptatem-aut,Patternmaker,olive,1981-12-31,alaina.collier@swaniawski.info,X'cuWXm2fYXAZXIdM{M6
d225e3bb-5db8-3fbb-b42b-bd11304b7750,Dr.,Bryce,Lowe,"94 Sporer Estate Suite 166","Apt. 784",Pasig,Indiana,Philippines,013-097-376,"(0935) 536-7987","Wehner, Torphy and Langosh",http://www.macejkovic.org/deleniti-et-molestiae-officiis-sit-voluptatem-tempore,"Nuclear Engineer",olive,1983-06-07,qbartell@swaniawski.biz,"\`SN4~i1)KEflX'"
df801eb2-68a4-3df7-a2db-b5e9ae20d1f4,Ms.,Mariana,Cruickshank,"28/90 Hahn Inlet","Suite 136",Isabela,Wisconsin,Philippines,281-412-319,"+63 (919) 136-4872","Reilly and Sons",http://feeney.com/voluptatem-vel-eligendi-earum-aut.html,"Management Analyst",teal,1998-04-04,tania11@yahoo.com,mtUOX&q=l=v`U
c21171a2-492c-3858-af3a-0ad09396d918,Mr.,Lia,Greenholt,"54 Klein Drive Apt. 529","Apt. 804",Iligan,Washington,Philippines,729-134-971,"+63 (906) 646-5484","Considine Group",http://www.ohara.org/,"Sales Representative",olive,2011-05-03,deckow.easton@yahoo.com,"86rX^Qk,k"
d7c3a800-6124-3c68-aa29-05a9f959bcbe,Mr.,Polly,Gorczany,"43A Lueilwitz Plaza Apt. 644","Apt. 733",Tagum,"District of Columbia",Philippines,635-822-888,"+63 (908) 455-2352",Brakus-McDermott,https://www.cremin.com/dolorem-aperiam-necessitatibus-ad-doloribus-sit-doloribus,"Motorboat Operator",olive,2019-05-19,whudson@gmail.com,D1F6a-[o+KW=}lFp&
53876b36-0f82-3cea-86fd-dd2a1bf0cfd9,Dr.,Gage,Nolan,"50 Bode Ports","Apt. 515",Calapan,Kansas,Philippines,353-227-840,"(0994) 093-3380",Nienow-Bayer,http://crona.com/,Auditor,maroon,2021-08-29,mallory30@boehm.org,O?OoY`1aabp%P
22c56f40-986e-3601-b776-b53b1d9db849,Prof.,Marques,Gleason,"86/13 Monahan Glen","Apt. 797",Marikina,Colorado,Philippines,098-891-860,"(0928) 699-5952",Hintz-Gottlieb,http://www.connelly.com/nostrum-ut-sit-odit-laboriosam-nobis-voluptatibus-voluptas-aspernatur,"Shipping and Receiving Clerk",white,1972-05-08,yohara@ledner.org,"E'5^x'>\c~]J|b9"
8a5b3486-7d55-306e-b438-a65c2984810b,Prof.,Emilia,Fritsch,"11/84 Abbott Points","Suite 911","Tarlac City",Arizona,Philippines,063-389-003,"(0938) 645-5196",Wintheiser-Gutkowski,http://www.bogisich.info/,"Pressure Vessel Inspector",lime,1989-06-17,wconnelly@gmail.com,"\(w[3S+"
0a4ba703-d5e3-342f-b21d-a6ab25d9dae4,Prof.,Gonzalo,Padberg,"55A/79 Emard Valley Apt. 978","Apt. 825",Santiago,"South Dakota",Philippines,031-754-670,"(0908) 664-4732","Lakin PLC",https://walsh.com/ut-voluptatem-itaque-non.html,"Nuclear Equipment Operation Technician",navy,2022-06-13,mueller.nash@hotmail.com,;w/95sT]8UqpNZETQ
c2d59e62-299a-3a85-86e3-b2aed75be594,Ms.,Kasandra,Larkin,"51 Collins Fords","Suite 742",Malaybalay,Oklahoma,Philippines,772-254-113,"(0817) 452-6157",Parker-Leannon,http://thompson.com/non-ipsum-modi-sed-deleniti-aliquid-cumque,"Technical Writer",teal,2022-12-03,gerry.schumm@yahoo.com,"ECP""hp:<d>"
38f6df95-2227-33fe-8de2-8753e085c23b,Miss,Enrico,Kunze,"95/98 Nienow Circles","Apt. 602",Antipolo,Hawaii,Philippines,657-574-420,"(0931) 074-6995","Stroman LLC",http://www.reinger.com/,"Chemical Equipment Operator",yellow,1973-06-22,lina30@walter.org,_5gjOn
de6dec92-b679-3891-af84-ddc543bd430f,Dr.,Octavia,Hermann,"78A Schowalter Glen","Suite 380",Tacurong,California,Philippines,450-307-097,"+63 (928) 290-9426","Moore, Murphy and Haley",http://dubuque.biz/,"Interpreter OR Translator",teal,1988-09-22,judson06@corwin.com,"o1gb^Y'h$g9@4-su|""__"
31e92328-66ce-370c-873b-2171823438ba,Dr.,Arnulfo,Klein,"44 Gerhold Mission","Apt. 011",Bais,"North Carolina",Philippines,743-365-470,"(0905) 473-2765",Gleichner-Beahan,http://www.lakin.com/nihil-consequatur-consequatur-ut-soluta,"Credit Checkers Clerk",lime,1976-10-08,raynor.gardner@bernhard.com,%aN+QO[X
ad686b80-e65c-3861-94bd-20933e6a7422,Ms.,Paige,Hayes,"85/76 Kilback Corner Apt. 413","Suite 595","San Jose","District of Columbia",Philippines,764-440-225,"(0930) 215-3104",Okuneva-Dibbert,http://deckow.com/nihil-et-cumque-tempore-nulla-facilis,"Pump Operators",maroon,1996-02-09,vtremblay@gmail.com,""".K_iIF,7*.}_D|"
e00ff83d-7983-36d7-8932-ba39b2d7d563,Prof.,Veronica,Lakin,"21A/32 Okuneva Lakes Apt. 831","Suite 748",Tagbilaran,"New Mexico",Philippines,391-598-613,"(0948) 203-2300","Halvorson, Hegmann and Hoeger",http://www.reichel.org/,"Fishing OR Forestry Supervisor",maroon,1997-11-09,uvon@hotmail.com,t`*O``$xnsa(lJ
e9faad2d-9974-331e-8041-24eed4384faa,Prof.,Augustus,Ebert,"60A Cronin Views Apt. 346","Apt. 833","San Fernando",Wyoming,Philippines,640-521-809,"(0813) 249-0238","VonRueden and Sons",http://ebert.com/id-qui-sit-deleniti-et-rerum-excepturi,"Sales and Related Workers",maroon,2018-10-09,erau@braun.com,"-hnm.""fR!fY>Tn=<m-"
202c938b-52ba-33a8-99ff-a499c5577a1a,Prof.,Mireya,Kemmer,"36 Pagac Ridge Suite 367","Apt. 687","Sorsogon City",Wisconsin,Philippines,664-683-022,"(0927) 095-5400",O'Reilly-Stiedemann,http://www.king.net/sint-sit-consequatur-atque-est-est-iusto,"Fabric Pressers",olive,1989-01-06,suzanne41@yahoo.com,Ol!`wn4x^UbCE[P2
cc944ad7-a9c8-340b-bfe3-c0ebb7de30c6,Mr.,Joanny,Walker,"37 Hackett Island Apt. 425","Apt. 113",Dumaguete,Maryland,Philippines,596-734-128,"+63 (948) 579-8413",Wisoky-Little,http://harber.com/odit-eveniet-rem-distinctio-nostrum,Buyer,gray,1980-11-25,funk.anthony@hotmail.com,".VO!r|-9bKo\%"
2a5c4942-5fdc-3d54-a512-00f0f96c12f6,Prof.,Lupe,Davis,"46A Nicolas Estates Apt. 456","Apt. 855",Dapitan,Louisiana,Philippines,732-132-078,"(0911) 143-1597","Bogisich Inc",https://www.schmeler.com/quia-quidem-eveniet-ea-quidem-magni-et-nisi-est,"Shuttle Car Operator",lime,1986-08-29,blaze88@waelchi.com,:GKUc47Ku{R8M!
8c7639a3-59d4-3229-b037-26933e2b1b2e,Ms.,Blanche,Medhurst,"55/72 Ritchie Views","Apt. 747",Cabadbaran,Iowa,Philippines,517-212-953,"+63 (989) 624-3098","Konopelski, Buckridge and Daniel",http://www.mitchell.com/sit-fuga-dolore-aut-et-aperiam-id,"Home Health Aide",teal,1991-02-23,evalyn.eichmann@gmail.com,Hwj{B%i^eCl!
e30fedb8-38ae-320c-8422-e7ae9dd44181,Dr.,Rogers,Murazik,"14 Spinka Roads","Suite 093",Himamaylan,Hawaii,Philippines,850-343-354,"(0949) 896-2368",Hagenes-Ledner,http://swift.com/eaque-iste-hic-expedita.html,"Host and Hostess",black,1971-10-10,roob.colton@fay.com,ama0NI-qP/vDz)@
a3c3f44d-27ff-38fb-8a70-8e36f3928108,Mrs.,Gerard,Dietrich,"49A Dicki Summit Apt. 987","Suite 128","San Pedro",Arizona,Philippines,740-417-324,"+63 (917) 641-9483",Bins-Homenick,https://www.effertz.com/non-quas-non-sint-id,"Explosives Expert",purple,2009-06-25,ekessler@reilly.com,"ioU!~T\j^D55"
58a8685b-ec49-312a-8220-b923cd4a9a6b,Dr.,Kobe,Kling,"62A/71 Quigley Port Suite 430","Suite 945",Kabankalan,Wisconsin,Philippines,791-784-938,"(0906) 006-7481",Kshlerin-Kuphal,http://champlin.biz/rerum-ad-tempora-qui-itaque.html,"Gaming Cage Worker",purple,1971-02-22,gisselle51@schuster.com,F[:S=bT~DjT
6c709032-e6f9-33dc-a7fa-f5325800d03e,Ms.,Olin,Nitzsche,"78/19 Runolfsson Stream Apt. 262","Suite 651",Cadiz,Vermont,Philippines,330-638-147,"(0998) 950-3498","Berge PLC",http://www.murazik.com/sequi-blanditiis-adipisci-beatae-sint,"Wholesale Buyer",blue,2010-11-18,olaf.lubowitz@bartell.com,"OX4W,T6K+9h&\Z~,tr"
d25d7394-1324-384f-bd20-28d085507fd0,Dr.,Noble,Rohan,"51A Legros Hills","Suite 634","Davao City","South Carolina",Philippines,968-007-980,"(0906) 867-0395",Mills-Jones,http://king.com/doloribus-reiciendis-iste-ex-soluta,Warehouse,purple,1989-06-03,emely.gerlach@gmail.com,"[n>v+r'.@z5cDE\d$(]"
c51babe1-aa38-3e6f-93e9-9eaae3e98800,Ms.,Micheal,Fritsch,"88A/98 Nitzsche Oval Suite 324","Suite 207",Mandaluyong,California,Philippines,342-592-671,"+63 (900) 741-2828","Blick, Grady and Denesik",http://www.thiel.org/,"Log Grader and Scaler",lime,1985-08-29,osinski.vladimir@gmail.com,f{w{-tf0
d70879e9-43dd-3315-8dcd-9c5dba936415,Mr.,Cordell,Gutmann,"80/29 Boyer Cliff Suite 991","Suite 009",Ilagan,"New York",Philippines,306-216-439,"(0934) 307-6242","Hane and Sons",http://www.haag.com/et-quis-asperiores-laboriosam-ea-harum-ipsum.html,"Command Control Center Officer",silver,1997-03-11,koepp.jaylen@yahoo.com,"}%1iKZ|_\2TqVc2x"
53c1b268-02b0-3d79-9bba-5627de456894,Dr.,Kacey,Tillman,"43A/73 Harvey Stream Apt. 647","Apt. 081","Quezon City","New Hampshire",Philippines,558-190-156,"(0925) 668-8435","Gibson, Johnson and Daniel",https://torphy.com/aperiam-et-architecto-inventore-praesentium.html,"Motorboat Mechanic",yellow,1978-08-26,umurray@hotmail.com,BMp%MY
8a8a6832-f1ff-354e-bf40-af75c6c9321d,Dr.,Lewis,Bahringer,"36A/10 Pfannerstill Fall","Suite 571",Tacloban,Massachusetts,Philippines,661-321-311,"(0973) 415-2135","Renner Inc",http://corkery.info/,"Freight and Material Mover",gray,1982-05-08,cummerata.ashley@wilkinson.com,";LWcTv.vFe\B,*"
b122a42d-03d5-3d7a-9092-dc3ac6159fd5,Miss,Samantha,Ruecker,"59A Goodwin Burgs Apt. 349","Apt. 695","San Fernando",Pennsylvania,Philippines,100-219-475,"(0908) 578-7920","Wuckert LLC",http://medhurst.com/sed-nesciunt-deleniti-ullam-molestias-sint-quasi,"Offset Lithographic Press Operator",teal,2002-10-19,ewaters@gmail.com,"L)9!XF/!_""`x_RKRJ"
ff155d03-6e00-35c6-9bde-83ff33bca516,Prof.,Duane,Prohaska,"89A Schulist Motorway Suite 235","Apt. 562",Iriga,Minnesota,Philippines,492-570-398,"(0922) 762-8468","Ward Ltd",http://www.dibbert.com/harum-asperiores-a-rerum-eius-modi,"Museum Conservator",green,1988-11-27,dahlia.kautzer@olson.org,gwI5)0:XcR3:M.
d9b7c6c3-2c96-305a-b38f-a1fff6532e1a,Mrs.,Shea,Beier,"95A Emmerich Curve","Suite 112",Lapu-Lapu,Hawaii,Philippines,334-487-717,"(0935) 808-0916",Veum-Beahan,https://lang.com/sunt-ut-rerum-inventore-provident-est-quasi.html,Usher,blue,2007-12-17,gislason.amy@yahoo.com,<rhf+}X
21c1d72c-4f36-3b61-a8e8-830d3211264a,Mr.,Alysha,Von,"03A/37 Kuhlman Shore Apt. 688","Suite 571",Naga,"New York",Philippines,264-404-795,"+63 (943) 391-7537","Keeling Ltd",http://www.west.biz/sit-aut-maxime-ut-aut-debitis-occaecati,"Broadcast Technician",black,2001-06-01,streutel@gmail.com,GK:pO(n{=iuCpXUe#`
cf8a58c4-9078-3edb-9ec2-a828cebabbdb,Dr.,Kallie,Treutel,"72/72 Blanda Passage","Apt. 433",Ilagan,Louisiana,Philippines,939-334-512,"(0994) 026-6814",Bergstrom-Ratke,http://www.mclaughlin.com/quos-itaque-nemo-et-expedita,"Rail Transportation Worker",blue,1989-07-26,hlemke@yahoo.com,`}>n'WdyCpF|y1n@e:Qw
134af47f-7204-32c4-9f57-4049d1b5e97d,Mrs.,Tess,Howe,"46A/49 Lang Manors","Apt. 365",Meycauayan,"South Carolina",Philippines,268-009-447,"+63 (921) 943-0261",Conn-Beatty,http://www.gerhold.info/ut-doloremque-odio-aut-unde-et-molestiae,"Welfare Eligibility Clerk",black,1978-07-26,lina61@goldner.com,[.bf}sz
4c5be5b9-1c97-3032-bac8-8f263eb5bda7,Prof.,Harvey,Prosacco,"84A Bahringer Neck","Apt. 398","Tarlac City",Wisconsin,Philippines,409-823-841,"+63 (998) 737-5647","Deckow Group",http://schulist.com/,"Government Property Inspector",silver,2002-11-26,nmoen@gmail.com,[%Y2M0
84c10aa3-ad48-37d3-a75b-47121a2997e0,Miss,Adele,DuBuque,"53 Hills Neck Suite 367","Apt. 601",Iriga,Oregon,Philippines,343-801-337,"(0946) 106-0296","Barton Ltd",http://langosh.com/id-unde-beatae-consequatur-dolorem-alias,Microbiologist,green,2010-11-04,kraig.hintz@gmail.com,zu(8'.#mi=o^0
9cc1e0a3-d5e2-3a76-9e1a-ec62e777bbda,Mr.,Emmie,Paucek,"51A/12 Bednar Fields Suite 179","Suite 427",Butuan,Delaware,Philippines,582-053-118,"(0927) 320-5146","Hayes LLC",https://murphy.com/libero-veritatis-praesentium-nihil-nulla.html,Clerk,olive,1981-05-19,alessandro55@huels.biz,>5AV1w
e711a6b9-433e-3602-8155-b86c285a773f,Dr.,Marianna,Davis,"27A Koepp Springs Apt. 292","Suite 049",Canlaon,Ohio,Philippines,163-046-041,"+63 (943) 036-7117",Schowalter-Langosh,https://www.ledner.com/autem-sit-accusantium-quia-impedit-qui-et,"Precision Instrument Repairer",fuchsia,1970-11-18,aniyah47@lebsack.com,go3@gR7HO$d6+
5fd6b693-73ce-328d-8205-4e22f909e70b,Mr.,Mikel,Nienow,"97 Nicolas Stravenue Apt. 146","Suite 729",Dasmariñas,"District of Columbia",Philippines,460-695-332,"(0906) 350-1665",Wintheiser-Hintz,http://howell.com/,"Custom Tailor",olive,2000-06-19,bruen.daniella@hotmail.com,9thI/|!gk
b5c200a7-37ef-3b85-9d15-2f0645b0126d,Prof.,Andrew,Cole,"45A Little Port Suite 872","Suite 935",Antipolo,Kentucky,Philippines,175-165-828,"+63 (932) 387-2575","Waters Ltd",http://spencer.org/vel-nihil-minus-sit-reprehenderit-omnis-dolor-ut,"Licensed Practical Nurse",fuchsia,1994-03-08,sydnie33@gmail.com,[0Dl^4iy?F'_4Tk=o+T
235f4e69-d4de-36f8-b64b-39db3fba4900,Mr.,Florencio,Marvin,"38A/23 Nienow Springs Suite 401","Suite 394","San Fernando",Minnesota,Philippines,804-302-448,"(0918) 679-2174",Heaney-Boehm,https://wolff.com/voluptatem-nemo-laudantium-voluptas-quia-ad-veniam-ut-aut.html,"Physical Scientist",white,1972-04-12,mccullough.magnus@buckridge.biz,5):bow~ZCErb>)h=.$z!
bc06152b-887e-31d6-9e4e-2808ef0586a1,Mr.,Itzel,Connelly,"35 Hudson Lakes Apt. 984","Suite 418",Danao,"North Dakota",Philippines,171-956-885,"+63 (909) 078-0733","Gorczany, Pagac and Moore",http://wuckert.com/quod-est-aut-voluptatem-nihil,Announcer,yellow,1998-09-11,boyer.julio@haag.com,"'""Cxy!1"
c2637c60-20e8-340e-aaf3-33810ee9365e,Dr.,Norval,Bogan,"85 White Circles Apt. 287","Suite 681",Oroquieta,Colorado,Philippines,308-089-549,"+63 (943) 890-2359",Windler-Stiedemann,http://www.bins.com/,"Railroad Switch Operator",navy,2004-07-03,finn.grant@hotmail.com,":h:F9DG}""l:T2n:i_;\D"
d8c41618-30c7-3193-b320-32c29dfe46a3,Prof.,Milan,Konopelski,"90A Lehner Stravenue","Apt. 620",Kidapawan,Nevada,Philippines,466-161-933,"+63 (998) 239-3824",Olson-Hammes,http://emmerich.net/nam-similique-optio-assumenda-ut,"Software Engineer",maroon,2022-06-13,qschneider@mclaughlin.com,ewWQTjK(=f&>MS<~
b410d628-9cdf-3f42-b3de-51a524dc97c2,Dr.,Faustino,West,"34 Murphy Ways","Suite 010",Bayugan,Illinois,Philippines,871-497-122,"+63 (927) 934-4720",Koch-Gleichner,http://www.corwin.com/qui-veniam-nesciunt-temporibus-optio-debitis-qui-architecto,Dispatcher,fuchsia,2020-01-28,jarrod56@yahoo.com,"80+0=8-UCyj:Kg,"
b9d09e2e-e68b-3651-820e-4e29775fb7c3,Prof.,Abbie,Kuphal,"39 Fadel Cliffs","Apt. 743",Marawi,Maryland,Philippines,534-169-349,"+63 (940) 059-1417","Lemke PLC",http://www.streich.com/amet-possimus-vero-accusamus-qui,"Central Office and PBX Installers",purple,1974-10-09,gretchen84@yundt.org,9m>a-yaa?35OO[H(
08599058-6a55-3c39-afd8-59d3db76f33e,Prof.,Gardner,Vandervort,"60A/07 Schumm Underpass Apt. 244","Suite 357",Dipolog,"District of Columbia",Philippines,005-433-002,"(0973) 807-8429","West Ltd",http://kuhn.net/minus-voluptatem-autem-nesciunt-iure-beatae-qui-tempore.html,"Recordkeeping Clerk",purple,2015-10-31,whowe@yahoo.com,KM*n6}5
ac0b4bc0-7b51-362f-aa12-eaafb9272b04,Miss,Alize,Hayes,"27 Crona Fords Apt. 056","Suite 751","Masbate City",Mississippi,Philippines,422-874-882,"(0910) 758-9454","Borer, Towne and Windler",http://www.kihn.com/ipsa-accusantium-ipsum-qui-est-ipsam-accusamus,"Animal Control Worker",aqua,2001-11-16,marilou.mayert@larkin.net,xO@)`6=.$B/#]u0n}w?
91d8a06a-5b44-3434-bef1-a317e98d9ff6,Prof.,Glenna,Roberts,"20/77 Treutel Manor Suite 287","Apt. 628","San Carlos",Nevada,Philippines,260-117-716,"+63 (979) 816-1824",Schuster-Schmitt,http://www.langworth.com/et-est-laudantium-tempora-maxime-dicta,"School Social Worker",blue,2002-11-11,dare.fatima@yahoo.com,/k4mFVQW&
6fd7e6a3-7a39-32d9-b90f-a6cb9268b6dd,Miss,Craig,Stamm,"63 Christiansen Ferry Suite 750","Apt. 843",Sipalay,Arkansas,Philippines,011-661-839,"+63 (928) 444-1598",Lowe-Connelly,http://howell.info/eaque-vitae-occaecati-temporibus-esse-ea,"Marriage and Family Therapist",white,1988-10-22,stanton.katrine@yahoo.com,QxwRiJ
080935eb-f5c4-3f06-9a44-a161e8951a9a,Ms.,Cody,Gusikowski,"92 Bartell Street","Suite 395",Toledo,Alaska,Philippines,925-716-372,"+63 (973) 502-5155","Schmeler, Marks and Schaefer",http://www.bruen.com/et-labore-voluptate-soluta-quia-atque-magnam,"Athletic Trainer",blue,2017-01-21,marvin.wendy@hotmail.com,"HxC>f,P+Kf3V'_NB"
5f6f6372-640d-3ea4-80bc-5d2108180501,Dr.,Austin,Abernathy,"24 Kautzer Trace","Suite 187",Borongan,Michigan,Philippines,570-825-400,"+63 (909) 798-7490","Jenkins, Skiles and Denesik",http://www.gibson.org/,Farmer,maroon,2023-07-03,zpacocha@gusikowski.com,HPtU=p(Ec9d%R
832b47f9-1d81-3201-9172-93b22e97582a,Prof.,Freddie,Lind,"17/46 Parisian Roads Apt. 509","Suite 022",Escalante,Tennessee,Philippines,993-257-813,"(0932) 821-7325","Torphy, Ernser and Vandervort",http://friesen.com/ducimus-nihil-labore-provident-possimus-ad-qui-voluptates,"Fashion Designer",blue,2005-03-02,ylockman@schuppe.com,"[~1rc]`{{Qq|i:,TloB"
8f58eba6-f027-3e29-bd4d-98442e2390b5,Dr.,Adonis,Little,"50A Deckow Road","Apt. 197",Tuguegarao,Maryland,Philippines,642-964-204,"+63 (971) 236-0473","Stehr PLC",http://mccullough.com/consequatur-iure-aut-odio-labore-quae.html,"Medical Equipment Preparer",olive,1974-05-09,mark.lockman@yahoo.com,OW72B9g
bbbb6dad-284c-3899-8523-60551ff0aacf,Ms.,Kaitlin,Lehner,"19A Leannon Burgs Apt. 452","Apt. 321",Navotas,"New York",Philippines,902-734-925,"+63 (927) 188-1264","Mohr Group",http://donnelly.com/,"Special Force",gray,2001-05-23,lwehner@yahoo.com,)p6F/Nc7h0&'Rjs
5c5a64d4-22cf-395b-b1f9-4e6bd0254f26,Prof.,Stefan,Beatty,"85A Hegmann Roads Apt. 569","Suite 883","San Fernando",Wyoming,Philippines,637-210-586,"+63 (925) 624-6601","Cremin Ltd",http://www.jenkins.info/cupiditate-voluptas-sed-ad.html,"Plating Operator OR Coating Machine Operator",lime,1973-08-18,lauriane.metz@yahoo.com,"JV""B5|,qDzh{,"
8ad8b089-9f62-3036-9311-dad221fb514c,Prof.,Wanda,Daniel,"56 Murazik Ferry","Suite 133",Iriga,Vermont,Philippines,012-126-312,"(0929) 595-5659","Durgan LLC",http://purdy.com/delectus-et-molestiae-modi-officia-delectus-ipsum,"Medical Records Technician",purple,2015-10-17,hhintz@rempel.net,!]Fk`b
6351036d-ac97-3a1b-af3f-9bb3f61bb716,Miss,Jordane,Hegmann,"23 D'Amore Shores Suite 940","Apt. 205",Parañaque,"New York",Philippines,713-735-313,"(0923) 917-4651","Lynch, Gutkowski and Conn",http://goodwin.com/,"Irradiated-Fuel Handler",fuchsia,1985-03-15,hjones@mayert.biz,"/Cn+""DzT"
4c793791-b0b4-3684-bb01-2844afcb8943,Mrs.,Nicklaus,Hyatt,"64 Larkin Divide","Apt. 988","General Santos",Arkansas,Philippines,694-970-086,"(0949) 128-2468",Gleichner-Rodriguez,http://lueilwitz.com/dolorem-aspernatur-rerum-asperiores-rerum-dicta.html,"Train Crew",gray,1982-05-13,amara.funk@hotmail.com,"nL%/T,XGTS"
1a24d788-1c0e-3e1d-a094-30ba65952b96,Miss,Karina,Hand,"13A/46 Morissette Forge","Suite 805",Parañaque,Arizona,Philippines,231-588-981,"(0937) 856-6403","Breitenberg PLC",http://www.skiles.com/,"Fast Food Cook",purple,1982-07-01,cummings.aurelio@mertz.com,<QPt+J<WQnOR
a56869d3-c749-3475-9791-e8227ef7cc0b,Prof.,Micheal,Kiehn,"67/76 Breitenberg Summit Apt. 161","Suite 350","San Jose del Monte",Louisiana,Philippines,441-992-009,"+63 (996) 669-1165",Stark-Romaguera,http://herzog.biz/dolor-odio-quia-et-exercitationem-corrupti-unde-aspernatur,"Biological Science Teacher",aqua,1993-03-06,kim.mitchell@legros.com,"\$%XU6"
6fed2671-995c-3b5f-b4ea-b728f8d60dcd,Dr.,Jessyca,Price,"28A/33 Weissnat Gardens","Apt. 013",Vigan,"New York",Philippines,800-063-454,"(0974) 300-0856","Stark, Stark and Pfannerstill",http://abshire.com/et-enim-dolorem-autem-molestiae,"Art Teacher",yellow,2014-04-26,zena85@turner.com,"},%dh=,]"
4c7b1d68-1a7f-3cf1-8038-0c996600c258,Dr.,Shany,Hyatt,"54A/15 Quigley Mount Apt. 200","Apt. 853",Cabuyao,"New York",Philippines,614-436-614,"(0916) 119-9506",Turcotte-Wunsch,http://www.weissnat.com/ex-hic-ipsa-officia-et-est-odit-non,"Amusement Attendant",gray,1995-03-31,valentin16@hotmail.com,kUAe(ID{Z##
12b24226-ae58-3efd-ac1a-7958666d6604,Dr.,Hanna,Terry,"51/76 Hammes Ports Suite 213","Suite 828","General Santos",Hawaii,Philippines,727-080-507,"+63 (931) 410-5062","Donnelly, Schaden and Batz",http://heller.com/qui-eum-corporis-assumenda-corrupti-qui-velit-ut,"Aircraft Launch Specialist",green,1977-09-18,clementine.kemmer@gmail.com,"""T=k!2CS\[<>-_1g?}"
597f4d53-44d9-38e2-a35b-c163bf018162,Mrs.,Felicity,Oberbrunner,"39 Treutel Mews Suite 431","Apt. 153",Baguio,"North Dakota",Philippines,789-275-154,"(0909) 183-1133","Johnson LLC",http://emmerich.com/,"Home Health Aide",teal,1983-07-04,mante.isac@hartmann.com,$.I{(A
58cf5fd3-6162-3f55-9f54-5aaca7430240,Mr.,Joyce,D'Amore,"97A Rutherford Throughway Apt. 355","Apt. 671",Dagupan,Arizona,Philippines,740-836-115,"+63 (948) 683-1799","Balistreri PLC",http://www.wyman.com/repudiandae-sunt-et-enim-fuga-quo-deleniti-et.html,"Engineering Technician",black,2010-05-22,gregory05@hotmail.com,%@)<$Xa
a1bb3791-7b97-3c41-8129-5b4e425284b0,Dr.,George,Durgan,"10 Sanford Lake","Suite 956","Cagayan de Oro",Alabama,Philippines,192-644-288,"(0925) 319-6291",Becker-Berge,http://hammes.com/porro-sint-ut-ut-sed-quos-velit-et,"Exhibit Designer",silver,1987-07-22,alvah54@yahoo.com,BNmrLLM=@8g>K4odQ.
1cfe7751-acbf-3fbf-a589-0b6dfaa3aa21,Dr.,Fredy,Pollich,"38/70 Boyer Rest Apt. 498","Apt. 953",Olongapo,"West Virginia",Philippines,293-605-011,"(0946) 332-6675","Hagenes LLC",https://gaylord.com/occaecati-ea-cum-sequi-aut-voluptatum-sunt.html,Solderer,gray,1983-09-28,bergnaum.brice@gmail.com,ix_2XYQj-@vM
c2712e20-993c-329b-ba4d-c6f850f4797d,Dr.,Mitchell,Feil,"11 Considine Points","Suite 204",Bayugan,Massachusetts,Philippines,002-068-444,"(0907) 007-1946","Hoppe, Homenick and Brakus",http://www.jakubowski.com/quas-accusamus-ipsa-est.html,Carpenter,green,1978-07-03,runolfsdottir.gail@bashirian.info,>Q~|'g
246320c5-a7ec-3133-bb87-a136460a916e,Prof.,Kendrick,O'Kon,"29 Sauer Rue","Suite 830",Carcar,Illinois,Philippines,978-790-226,"(0946) 481-5215","Lindgren Inc",http://swaniawski.com/qui-molestias-natus-temporibus-architecto,"Professional Photographer",purple,1991-05-07,kenyatta21@hotmail.com,^jGDg|X|
37aeb742-32ca-33d7-9c83-b4a155f049d8,Mr.,Sheila,Stehr,"74A/28 Lehner Spurs Suite 173","Apt. 996","Masbate City",Alaska,Philippines,263-566-776,"(0912) 587-3953",DuBuque-Quitzon,http://www.daugherty.com/id-ratione-amet-numquam-accusantium.html,"Special Forces Officer",fuchsia,1984-07-30,fausto.hammes@hotmail.com,"S<I!$\7G<U9]*"
e4c03580-a1ab-3caa-be47-70eaa9407d98,Mrs.,Hailee,Anderson,"28/86 Konopelski Estate Apt. 321","Apt. 721",Alaminos,Texas,Philippines,500-236-970,"(0817) 072-0692","Grimes, Schmeler and Ankunding",http://okon.com/,"Human Resources Manager",yellow,2020-04-21,emma.white@gmail.com,Z{nKR*
42030bbe-f6ca-39e8-bbfd-6ab946722bc8,Prof.,Darren,Larson,"61/77 Nikolaus Motorway","Apt. 776",Kidapawan,Utah,Philippines,056-504-551,"+63 (905) 923-2545","Bayer Group",https://www.reilly.org/esse-illum-quia-magni-repudiandae-aut-odio-cumque,"Plastic Molding Machine Operator",silver,1995-03-06,jeanne83@yahoo.com,"IY-C,uST<H"
b3988677-1b56-3c90-b47d-74d894c055c9,Mrs.,Abagail,Schmitt,"94 Littel Via Suite 245","Suite 082",Maasin,"North Dakota",Philippines,243-080-730,"(0909) 213-9695","Hamill, Durgan and Bailey",http://reichert.com/sed-ipsam-quidem-et-eius-earum-nihil,"Mechanical Inspector",yellow,1985-04-30,sstroman@krajcik.com,Y6XY*2IZ;<mr!
1a86cd31-85fc-3efc-a67f-a18843410554,Miss,Amani,O'Reilly,"24A Beahan Spur Suite 783","Apt. 204",Dagupan,"New Hampshire",Philippines,755-238-683,"(0918) 384-8348","Gutmann, Bergstrom and Nader",http://kihn.com/voluptas-rerum-voluptatum-non-mollitia-eius-unde-velit,"Communications Equipment Operator",fuchsia,2004-10-23,fisher.noemi@abbott.info,js|0PY
bcbbe4a6-5c2b-35ba-bbd0-1065ec0cf43a,Dr.,Jeremy,O'Connell,"30/53 Stokes Expressway","Suite 799",Cabadbaran,"South Dakota",Philippines,894-620-100,"(0813) 358-6269",Schimmel-Lakin,https://schumm.com/sint-repellat-officia-et-id-fuga-impedit-aut.html,Actor,aqua,2020-11-12,lewis86@gmail.com,~H5kVS9_
39da9b13-7e8c-3579-856d-488e901e63b1,Ms.,Mathilde,Lind,"70 Konopelski Islands","Suite 104",Passi,Illinois,Philippines,160-566-153,"(0933) 090-7029",Denesik-Turcotte,http://rau.info/nemo-ipsam-fugiat-optio-nihil,"MARCOM Manager",maroon,2001-06-18,rachael72@goldner.com,43jU;DUYmGM
99a1c49b-e675-3f79-9f6b-6394e83531dd,Dr.,Lela,Buckridge,"11 Miller Burgs","Suite 094",Baybay,"South Carolina",Philippines,396-856-606,"(0927) 804-0364",Greenfelder-Brekke,http://www.will.com/ut-non-tempore-necessitatibus-architecto.html,"Chemical Engineer",gray,1994-06-20,ulises.hermann@leffler.com,aTmyWtPS
f52cce96-ca8d-3b38-82a1-b07cc4ca9823,Dr.,Heaven,Mosciski,"30 Halvorson Plaza Apt. 650","Suite 519",Valenzuela,"North Dakota",Philippines,413-057-829,"+63 (946) 754-3505","Koss LLC",http://willms.info/,"Architectural Drafter OR Civil Drafter",green,2003-01-30,torrance.lakin@willms.com,=:tyy~B1iDB<
50ff4987-6d0e-3a4f-abff-9f4849966939,Mr.,Adelia,Howe,"65A Bogan Trafficway Apt. 710","Apt. 091",Victorias,Hawaii,Philippines,198-141-086,"(0944) 508-0382","Beatty PLC",http://lesch.com/,"Motor Vehicle Operator",black,1999-12-03,moen.kiana@gmail.com,|D5T/9L8jhZghX
cf9cb4b3-8b2d-3ee4-9192-6af660f4d0a1,Prof.,Estrella,Rogahn,"87 Ratke Valleys Apt. 496","Apt. 948",Bacoor,Illinois,Philippines,399-305-019,"(0929) 661-7248","Orn, Osinski and Heathcote",http://collier.com/cumque-laborum-non-illo-porro-quaerat-et,"Steel Worker",yellow,1987-06-13,karen.zboncak@gmail.com,{WN9x'Q0sneTfVo
136f17b6-9392-30b3-a53a-271362d8583b,Dr.,Domenic,Hills,"00A/88 Runolfsson Islands Suite 768","Suite 474","Davao City","South Carolina",Philippines,706-939-192,"+63 (944) 617-2628",Torp-Kohler,http://parker.org/amet-vel-facere-sed-vitae,"Building Inspector",silver,1975-01-11,kory.larson@wunsch.com,G8odp[JClMN~Vr@_S
3903083a-54e9-362b-ae65-de56d7ff083c,Prof.,Santa,Beer,"10/22 Zboncak Common","Apt. 900",Guihulngan,Delaware,Philippines,754-244-192,"+63 (917) 417-2297","Powlowski Inc",http://www.little.info/,"Interpreter OR Translator",maroon,1979-10-14,lkoch@gmail.com,Hh(rZ_Qkdroq]e1>
d7590c19-71d7-36dc-8c47-79bd09ce4aa0,Miss,Hilton,Bernhard,"61/96 Kuvalis Mountains","Suite 964",Antipolo,Montana,Philippines,529-054-689,"+63 (909) 371-9267",Rempel-Homenick,http://www.haag.com/occaecati-quas-illo-dolorem-rem,"Physical Scientist",silver,2019-07-04,leila.ohara@rolfson.com,&1A%7}o.y@IF%Y-6
2e50a84d-b10a-3ed7-8d4a-06cfd13776e3,Prof.,Kyla,Kunde,"26A Buckridge Loop","Apt. 133","San Pedro","New York",Philippines,017-616-555,"(0926) 030-6021","Schowalter Inc",http://www.thiel.biz/consequatur-laudantium-et-ut-ut-cumque-asperiores,"Communication Equipment Repairer",aqua,1991-01-15,anastacio.treutel@hotmail.com,XU@cG03/ZB_AEwh
540852b4-1ff5-3f45-9bfe-64dde52338ab,Ms.,Albina,Runolfsson,"13 Murray Trafficway Apt. 726","Suite 310","General Santos",Mississippi,Philippines,743-490-658,"+63 (938) 369-4844","Bechtelar, Lowe and Gislason",https://fritsch.com/aspernatur-est-et-enim-sit-omnis.html,Carpenter,lime,2015-07-02,oswald.buckridge@hotmail.com,"U7J':r,b"
a7ad2262-f338-325c-80f4-15e7f788d7a2,Miss,Timmy,Ryan,"09A/96 Jacobs Points Suite 116","Apt. 673","Santa Rosa",Connecticut,Philippines,321-772-581,"+63 (929) 270-0977","Nader LLC",http://watsica.net/molestias-velit-et-eveniet-minima.html,"Nursery Worker",lime,1980-05-23,darby.dickens@botsford.net,"U|byLF7X`,a"
fadfc25d-3144-3d3a-9a9c-8f79c3859950,Miss,Neha,Prosacco,"80/17 Smitham Creek Apt. 397","Apt. 036","General Santos",Michigan,Philippines,193-533-283,"+63 (918) 281-7697","Stanton Ltd",http://stokes.net/voluptates-tempore-ratione-dolor-sit-dignissimos-dignissimos-aut-et,Astronomer,green,2009-02-09,daryl.graham@bergnaum.com,"\@y,|O%"
a6d24d20-2889-3112-afbb-b8ae520e26c9,Dr.,Darian,Ward,"11/75 Satterfield Land","Apt. 326","Cagayan de Oro","South Dakota",Philippines,068-641-161,"+63 (949) 165-0553","Koss, Kautzer and Grimes",https://koch.net/ut-fugiat-qui-unde-eaque.html,"Directory Assistance Operator",teal,2013-10-19,shields.bell@gmail.com,jOd2HqAS
813587f4-2ebe-37be-ab78-51929f42b541,Dr.,Hertha,Kulas,"60 Douglas Orchard","Suite 200","General Santos",Wyoming,Philippines,085-416-747,"+63 (921) 310-5406","Dicki, Bartoletti and Pfannerstill",http://larkin.org/nesciunt-voluptas-consequatur-non-ipsam-et-vitae-distinctio.html,"Order Filler OR Stock Clerk",aqua,1977-04-15,johns.terrill@nolan.com,"%InpV&1~e,{MYKR"
c9b1c494-4402-3714-8f26-92da1ef1cefd,Prof.,Marcelino,Hickle,"01A/39 Bogan Inlet","Suite 849",Kidapawan,"West Virginia",Philippines,922-275-261,"+63 (921) 801-3404",Pacocha-Dickinson,http://grady.com/saepe-vel-sed-nisi-sit,"Orthotist OR Prosthetist",blue,1992-07-28,gina51@yahoo.com,/j?qe.7U;`R
14e18649-8c62-3935-aaad-04eaee20fd74,Miss,Juston,Schowalter,"30/57 Moore Canyon","Apt. 476",Bayugan,"New Mexico",Philippines,173-676-184,"+63 (933) 766-9637",Bosco-Wolf,http://mueller.biz/aut-quos-fuga-expedita-atque-provident-unde-est.html,"Social Worker",gray,2001-06-26,labadie.ophelia@yahoo.com,"^SXPe\<k#"
ce9b1cb4-47b1-3632-b872-cb38919ff0ec,Ms.,Darius,O'Reilly,"31A Wilkinson Common Suite 331","Suite 172",Iriga,Illinois,Philippines,594-445-034,"+63 (909) 109-2099","Lindgren PLC",http://www.tillman.net/,"Nursing Aide",lime,1985-03-07,jrunolfsdottir@marks.com,"Z\3)!P8-YF(FB`""?nh&"
b3494e6d-c0e8-30c5-bbe8-fedb7212a816,Dr.,Junius,Jaskolski,"71/21 Turner Rest","Apt. 758",Digos,Alabama,Philippines,685-614-774,"(0943) 973-5461","Nitzsche PLC",http://www.collins.info/et-eum-aut-fugiat.html,"Video Editor",white,2016-10-22,llewellyn24@cronin.info,-Z_@}jf&
31be15ea-e220-398c-8f0d-b6c02d69cf47,Prof.,Devin,Ryan,"23/17 Beer Run","Suite 744","Cotabato City",Arizona,Philippines,813-445-364,"(0927) 125-7423",Bernhard-Collins,https://www.denesik.org/quasi-voluptatum-sit-sapiente-hic-ratione-culpa,"Mechanical Drafter",aqua,2020-01-19,mafalda.glover@hotmail.com,Zh=o:^%M
a54bed2f-7b92-3ca3-8e58-ad905c7b2c16,Prof.,Ryley,Prosacco,"33/18 Nicolas Run Apt. 024","Apt. 549",Taguig,Wyoming,Philippines,883-233-009,"(0907) 691-0201",Balistreri-Steuber,http://hills.net/ea-reprehenderit-aut-asperiores-veritatis-et-occaecati.html,Housekeeper,aqua,1995-12-02,vstehr@hotmail.com,3iw4G]|*~&D|PN@|+R
f3db6175-2082-3ad2-96d6-2aea6f71c93e,Miss,Alvena,Klocko,"51A/68 Wuckert Harbors","Apt. 840",Tandag,Minnesota,Philippines,314-750-061,"(0947) 917-2008",Anderson-Heathcote,http://www.thiel.com/dolores-pariatur-dolores-debitis-alias-earum-ut-nostrum,"Cafeteria Cook",blue,2017-09-23,jaclyn.hintz@heathcote.info,N%M=D:Tx
f8c090a7-46f4-3b4b-8527-f3e357e082b9,Mrs.,Bobbie,Kuhic,"04A/54 Lind Extension","Suite 988",Cabanatuan,"North Carolina",Philippines,178-890-624,"(0949) 520-9619","Kassulke, Armstrong and Kunde",http://www.baumbach.info/,"Diesel Engine Specialist",fuchsia,1998-01-29,walter.alessia@yahoo.com,P+3af_pw:-dEPDoB0=p9
a0116e80-6797-3985-ae39-3b82470b4237,Dr.,Johnathon,Corwin,"56/37 Thompson Station","Apt. 908",Valencia,Pennsylvania,Philippines,433-591-810,"+63 (998) 756-2873",Muller-Romaguera,http://www.mcglynn.biz/aut-molestias-voluptate-cum-qui,"Food Cooking Machine Operators",aqua,2008-09-17,london.schamberger@bode.net,L|kgK-'h
f6c83b1f-8783-33f9-a3a0-cf866fdc3b9e,Miss,Jacques,Parisian,"86/11 Berge Manor","Apt. 516","Masbate City",Connecticut,Philippines,775-608-457,"(0934) 339-3581","Nader, Willms and Gulgowski",http://www.boyer.com/sit-in-est-totam-eius-quasi.html,"Claims Taker",white,1989-04-20,hackett.milford@goldner.org,"TAes@yFHnQN!@/y,Z];"
46f10ce8-4b76-3e7f-a9c0-35068c3a4ad5,Miss,Riley,Beer,"27A Von Heights Apt. 288","Suite 042",Bago,Wisconsin,Philippines,571-342-961,"+63 (926) 719-7273",Olson-Hudson,https://www.kuvalis.com/mollitia-dolorum-blanditiis-sunt,"Correctional Officer",maroon,1986-04-01,crooks.jaylin@lowe.net,t8SOx$7Jqen=#3x[&
8aef4ec9-da58-3d0e-a90e-52f35835904d,Prof.,Lisette,Ullrich,"99 Stehr Lights Apt. 960","Suite 714",Tanauan,Florida,Philippines,651-691-795,"+63 (910) 009-4463","Graham and Sons",http://wolff.com/,"Private Detective and Investigator",green,1996-05-07,kip07@koss.com,9qK`3]t3?S;t<9$
0a532fff-7231-3f5d-871f-2446b369d7c7,Mr.,Alaina,Reilly,"97 Lynch Mall","Apt. 145",Malaybalay,Georgia,Philippines,277-494-327,"(0994) 629-5052","Kirlin, Quigley and Kautzer",http://www.spencer.net/nihil-facilis-non-dolores-officiis-ad-sint.html,"General Farmworker",navy,1992-12-14,devonte.moen@lubowitz.com,`&s(faB.%LXhZ
3bd92145-1892-342f-9587-f7019d2c1cd0,Ms.,Daija,Gutmann,"55/46 Heaney Extension","Apt. 159",Carcar,Idaho,Philippines,871-484-771,"+63 (940) 727-6017","Sporer, Lehner and Douglas",http://price.info/dolorum-voluptas-corporis-rem-voluptatibus-consequuntur-et.html,"Aircraft Rigging Assembler",navy,2021-12-23,pearlie.halvorson@west.biz,"t6\GSFA6."
7795d977-3ece-386b-8049-148c36256588,Miss,Meda,Funk,"37A/99 VonRueden Motorway Suite 434","Apt. 761",Tagum,"New Jersey",Philippines,347-321-138,"+63 (923) 807-4139","Borer Group",http://www.conn.com/eveniet-sit-sunt-unde-perferendis-et-rerum-necessitatibus,"City Planning Aide",teal,1979-07-13,schinner.mariela@koss.com,"/'mn]yYM;R?/f;\De"
342d4a59-44f0-307b-b2e0-81e397e030bd,Dr.,Yadira,Little,"19A O'Connell Tunnel Suite 627","Apt. 230",Legazpi,"South Dakota",Philippines,069-579-782,"(0999) 532-4501",Padberg-Windler,http://klocko.info/sapiente-illum-non-atque-ut,"Aircraft Structure Assemblers",teal,2011-05-25,lea.jenkins@gmail.com,Q/66eJ.*%
a876de02-883e-3d73-9440-59435f64958e,Prof.,Dessie,Kulas,"19A Schimmel Club Suite 358","Suite 974",Lucena,Mississippi,Philippines,899-605-105,"+63 (940) 653-0539","Larson Ltd",http://veum.com/hic-sequi-distinctio-aut-inventore-quaerat,"Professional Photographer",olive,1973-08-28,cjones@hotmail.com,[TH!&a
1c7276b9-1da6-34f2-81d1-fe8486e1f1bd,Mrs.,Stacy,Hammes,"64/35 Murazik Loaf","Suite 154","Iloilo City",Tennessee,Philippines,695-985-918,"(0925) 856-9324","Veum PLC",http://www.harvey.com/et-est-nemo-officiis,"Geological Data Technician",yellow,1991-05-02,bkilback@keeling.com,-H5oW(x'iI4.1)H2l
c7c74984-701a-3641-bbb7-2cea8da69260,Prof.,Ewell,Rosenbaum,"71A/23 Herman Curve","Apt. 082",Catbalogan,Kansas,Philippines,351-087-745,"(0940) 874-6970","Welch LLC",https://www.ritchie.com/et-tenetur-inventore-sed-praesentium-facere-autem-voluptas-libero,"Janitorial Supervisor",fuchsia,2000-04-12,gloria53@blanda.net,"A8zJ?&.x'B\t|(sP"
5086fa6f-3ce2-320f-810c-5cc1010e167e,Mr.,Jerrell,Walsh,"82/22 Hettinger Landing","Apt. 740",Danao,Wyoming,Philippines,426-105-078,"+63 (930) 164-0534","Wisozk and Sons",https://www.treutel.com/ad-temporibus-a-aut-quod-dolorum,"Welding Machine Operator",fuchsia,1981-06-17,kellie25@deckow.biz,/(Jk:I?5nP]#u-|R
eba1fd40-55c7-3b49-91f4-ac28a5800521,Mr.,Giles,Braun,"39A/14 Smitham Mills Suite 359","Apt. 766",Olongapo,Iowa,Philippines,084-837-664,"(0939) 213-3891","Pfeffer, Krajcik and Rogahn",http://www.goodwin.biz/quis-incidunt-reprehenderit-quia-ducimus-nesciunt-accusamus-eveniet,Brazer,fuchsia,2011-05-22,alec19@block.com,{4eOROdG<.s~R}d;
3552bfaf-4a82-302a-9864-95bff196a0d8,Prof.,Kobe,Lind,"42/40 Ward Trail","Suite 643",Dagupan,Minnesota,Philippines,584-649-908,"+63 (944) 354-8265","Moore, Gleason and Marquardt",http://ziemann.com/et-aliquam-deserunt-quos-aliquam-sint-nesciunt-labore-aut,"Food Scientists and Technologist",green,1985-07-19,lparker@schuppe.net,oss[%;oQM
2ef5ffd3-8bf9-30a1-a52d-1a3fa742d850,Mr.,Guy,Auer,"88A Greenfelder Estate","Apt. 377","Cebu City",Minnesota,Philippines,849-924-244,"(0911) 855-1778","Balistreri Ltd",http://champlin.com/,"Drilling and Boring Machine Tool Setter",black,1981-09-02,alexander.miller@hotmail.com,d^L)bQ
ce07e481-1200-339a-8abc-b33f69860998,Dr.,Korbin,Sawayn,"13 Farrell Landing Apt. 300","Apt. 445",Mandaue,Oregon,Philippines,710-763-040,"(0907) 886-7583","Conn, Walker and Steuber",https://prohaska.com/cupiditate-voluptas-voluptas-illo-facere-amet-mollitia-aut.html,"Electrical Drafter",navy,1981-10-03,al07@gmail.com,^Cd;^%T~f4DF2)n?x)9r
c08350f9-03d6-35b1-9be1-055cc855fb26,Mrs.,Gay,Schinner,"33A Buckridge Ridge Suite 604","Apt. 672",Bayawan,Washington,Philippines,426-257-482,"+63 (813) 037-3185",Lubowitz-Schaefer,http://hand.org/consequatur-iusto-adipisci-qui-eligendi-magni-cum-qui,"Occupational Health Safety Technician",blue,1978-06-19,danyka80@hotmail.com,)S/IJUPU+MzwRggK.6
98f446eb-01af-3ce0-a44e-97b5ad8b99df,Prof.,Zoey,Harber,"84/48 Kunde Run Apt. 517","Suite 848",Muñoz,Florida,Philippines,868-582-051,"(0917) 272-9656",Bechtelar-Mayert,http://www.connelly.com/autem-alias-dignissimos-maiores.html,"Conservation Scientist",lime,1998-04-02,greenholt.ross@gmail.com,"#Qd]/bY"""
47403f22-ccb3-3445-b6ab-9587b7f63a0a,Mr.,Bethany,Hahn,"75/23 Kling Walk Suite 452","Suite 611",Canlaon,Indiana,Philippines,117-618-318,"(0927) 783-3770","Kub Inc",http://spinka.org/est-neque-et-rerum-voluptatem-magnam-aspernatur.html,"Teacher Assistant",green,2023-08-17,schuster.shemar@gmail.com,Y?sb]Tswl
d0929415-726c-30d9-a1d1-165950e6970e,Mrs.,Madge,Kuphal,"60/69 Thompson Tunnel","Suite 126",Baguio,Massachusetts,Philippines,829-420-943,"+63 (931) 584-6983","Collins, Kuvalis and Gottlieb",http://fahey.net/possimus-architecto-impedit-rerum,"Environmental Compliance Inspector",yellow,2021-06-27,linda.quitzon@hotmail.com,SpkLbSJ
01d30298-f3fd-3a19-bc68-5eb29a2dacb9,Mrs.,Anais,Cole,"43/38 Nienow Loaf","Suite 902","San Pablo",Kansas,Philippines,947-298-575,"+63 (905) 523-9395",Nitzsche-Koss,http://www.kling.com/fugit-nulla-blanditiis-corporis-qui-totam-ab,"Petroleum Engineer",gray,2014-05-19,graham.germaine@balistreri.info,e:pUc45|=LiDgQ
f530f5d5-f182-334f-8a42-c737231fee0a,Mr.,Helen,Kemmer,"71A Klein Forest Apt. 103","Suite 203","San Carlos","New Hampshire",Philippines,855-315-460,"(0925) 072-1346","Nikolaus, Gleichner and Flatley",http://collier.net/ea-in-neque-ipsum-eum-consequatur-autem,"Cardiovascular Technologist",fuchsia,1976-09-26,broderick.bradtke@hotmail.com,'^6m&H5%~
85ab3d86-048c-303f-9f6f-f218e5b3d312,Dr.,Samantha,Feeney,"33A/65 Walker Mountains","Suite 551",Carcar,Georgia,Philippines,277-438-225,"(0996) 863-2936",Tromp-Donnelly,http://www.douglas.com/voluptatem-et-soluta-aut,Teller,olive,2004-09-19,pbernier@hotmail.com,"IC""Pg(M"
6ac46e8d-2ec8-33c8-a1e8-c99cadcab5e2,Prof.,Leif,Price,"94 Auer Plains","Apt. 040","Batangas City","New Mexico",Philippines,929-997-789,"(0922) 189-2295","Schmidt LLC",http://turcotte.com/et-ratione-ut-qui-exercitationem-quia-vitae-nam,"Battery Repairer",maroon,1980-01-17,demarcus.block@hickle.com,NE_d453L<=7
bb17b0e5-bd16-3738-89db-8b749c9cc11f,Mr.,Malvina,Lakin,"55/59 Champlin Mount","Apt. 534","San Juan",Pennsylvania,Philippines,196-932-628,"+63 (918) 909-3442","Stoltenberg, Schoen and Murphy",http://www.raynor.com/quasi-dolorem-commodi-voluptas-qui-ut-perferendis-cumque-ut,"Government Property Inspector",navy,1977-06-11,robel.marion@kuvalis.com,1|IGy-[w=Eoqc{(
098b1f76-9328-3afc-ad1a-e105094b6d14,Mrs.,Kayleigh,McDermott,"67A/43 Ullrich Manors","Suite 332",Biñan,"District of Columbia",Philippines,264-367-464,"+63 (910) 313-6218","Skiles LLC",http://eichmann.biz/et-totam-odit-consequatur-laborum-qui-nam-maiores-quae,"Budget Analyst",yellow,1996-01-25,lwehner@turcotte.com,W`bjM>
0689fa36-0126-3b49-82ce-52f630da8ef2,Prof.,Alexzander,Wisozk,"41/66 Schaden Lane Apt. 438","Apt. 983","San Pablo",Pennsylvania,Philippines,401-385-479,"+63 (817) 046-3075","Quitzon, Durgan and Doyle",http://www.glover.biz/dignissimos-quisquam-esse-voluptatem-qui.html,Roustabouts,yellow,1979-11-20,reynolds.adalberto@yahoo.com,"\@1e"","
ffed61dd-df6f-37ab-bd93-94390fbc447f,Prof.,Jaqueline,Spinka,"15A/49 Altenwerth Underpass Apt. 902","Apt. 833",Pasay,"South Dakota",Philippines,271-793-289,"+63 (926) 297-1412","Kuhlman, Effertz and Barrows",http://www.hilpert.com/,"System Administrator",lime,1993-03-24,zoreilly@daniel.com,"bIF=Cb!!hHu\Gz,cY"
a89bbbe4-fa41-3bc8-86ac-2bc209330bde,Mrs.,Annie,Blick,"12 Kutch Groves Suite 313","Apt. 426","Sorsogon City","Rhode Island",Philippines,327-967-897,"+63 (910) 267-0905","Monahan LLC",https://kautzer.com/aliquid-cumque-error-numquam-mollitia-voluptatem.html,Infantry,maroon,2018-01-21,bbarrows@howell.info,"Ijm?\pL28s`,N=p:["
110e454c-3eab-3664-8c56-38b90ca5e2c6,Ms.,Madalyn,Buckridge,"71/24 Oberbrunner Canyon","Apt. 992",Tanjay,Oregon,Philippines,379-582-519,"+63 (935) 093-5159",Ankunding-Kuhn,https://hegmann.biz/enim-et-quas-odio-neque-voluptates.html,"Marine Oiler",silver,1985-09-30,baumbach.wilford@yahoo.com,XZk`2Q[fGX#{
84b84b5f-51ae-3cb3-a3fe-1f628a45a25a,Ms.,Lucius,McLaughlin,"73 VonRueden Oval","Suite 811",Calamba,"District of Columbia",Philippines,852-754-594,"+63 (933) 989-9547","Hintz, Renner and Lynch",http://www.bernier.com/doloremque-fuga-itaque-ad-quos-quasi-maxime.html,"Structural Iron and Steel Worker",purple,1986-11-08,dusty.mertz@yahoo.com,z]+CUkF>
c541d859-1c18-3713-b2e8-1437eb275a64,Mrs.,Reymundo,Feil,"47/87 Ryan Burg Suite 188","Apt. 013","San Jose",Arkansas,Philippines,732-325-842,"+63 (920) 956-5832","Jacobi, Wolff and Lemke",http://bradtke.com/culpa-repellat-aliquid-soluta-consectetur-illo-inventore-labore,Architect,green,2007-06-24,jazmyne47@haley.net,5eN$gWatnt
0b64fa59-c845-314f-a328-bdf82b7c3680,Dr.,Keanu,Runolfsdottir,"69A Moen Road","Suite 326","San Jose del Monte",Kansas,Philippines,658-426-609,"+63 (940) 543-4263","Hansen, Tromp and Herman",http://keeling.org/quam-eum-alias-aut-provident,"Community Service Manager",gray,1992-10-09,russel.maye@hotmail.com,W)dCmlvAFV7
33d063d8-4151-384d-b903-a137527e9c75,Ms.,Ken,Bernier,"20A Hane Expressway Apt. 631","Suite 391",Legazpi,Arkansas,Philippines,400-659-831,"(0917) 561-3863","Ondricka Inc",http://www.koelpin.com/,Platemaker,green,1994-08-08,lgusikowski@stark.com,"\Yd9-dxo/2P4""'Pc"
d27ff8ee-d21d-33f7-9af0-e6a321e65479,Prof.,Vicenta,Spencer,"15A Ortiz Tunnel Apt. 272","Suite 795",Vigan,Florida,Philippines,848-679-603,"(0937) 535-1830","Greenholt PLC",http://kling.com/earum-error-sunt-pariatur-quisquam-sed-praesentium-sit-eos.html,"Chemistry Teacher",black,1989-10-15,gdonnelly@conroy.com,"/I3qp|{V$.G414\~u6+"
011f68d3-1ce0-3b12-b65a-1767007f1087,Mr.,Cameron,Dare,"35A McDermott River","Suite 007",Bago,Arkansas,Philippines,385-780-338,"(0931) 801-2767","Towne, Larkin and Durgan",https://olson.com/excepturi-eveniet-id-est-exercitationem-rerum.html,"Truck Driver",maroon,1970-08-05,nsmitham@schimmel.com,Pp7sHHuN
dce3a90a-ceb5-3640-9130-cce0adac0140,Mrs.,Derek,Schowalter,"22 Durgan Land","Apt. 666",Bogo,"North Carolina",Philippines,445-868-891,"(0943) 429-7622",Heller-Schneider,http://osinski.net/delectus-sit-non-minus-aut-earum-laboriosam-perferendis-libero,"Sketch Artist",teal,2012-11-18,joannie98@hane.com,Qt:saA
fd9f79ca-91a2-3b15-be16-4fc6a0e0b74b,Dr.,Deanna,Torphy,"34/52 Yost Stravenue Apt. 689","Apt. 640",Digos,Iowa,Philippines,222-021-622,"(0910) 917-0083","Smitham Ltd",http://larkin.org/,"Aircraft Assembler",fuchsia,2020-03-29,simonis.jonathan@senger.com,zV&[=1L
42ea5a00-bdbe-36dc-9b08-7c9425829021,Mrs.,Magnolia,Cormier,"69/32 Auer Track Apt. 923","Apt. 059",Calamba,"South Dakota",Philippines,750-704-910,"+63 (998) 759-9740","Fadel, Walker and Gleason",http://ledner.com/quam-voluptas-rerum-voluptas-numquam-nostrum-ut.html,"Agricultural Worker",white,1996-11-17,louisa92@hotmail.com,"x-""9b7Im^(yk|Ed5T%"
b3332fdd-b789-3b4d-a9d4-f5f6a25cb8d9,Dr.,Esther,Hane,"98 Bruen Field Apt. 431","Apt. 921",Passi,"New Jersey",Philippines,878-143-778,"+63 (948) 449-3632","Frami, Macejkovic and Christiansen",http://kuhlman.info/adipisci-id-quia-ratione-odit-eum.html,"Social Worker",maroon,1985-12-04,annalise08@kautzer.com,%Fn=FOe_YYq<la
166cc4cb-fe37-3fc9-a52d-c507999d6f62,Mrs.,Frieda,Mosciski,"11/40 Pfeffer Street","Apt. 469",Sipalay,Illinois,Philippines,939-347-057,"(0931) 770-2199",Kerluke-Nolan,http://bartoletti.com/,Psychologist,gray,1998-05-09,dickinson.mellie@kovacek.net,+#rda)X}~6i
f00c94fd-e00e-360e-994f-02be0baca891,Ms.,Deshaun,Effertz,"80/35 Prohaska Squares Suite 552","Apt. 337",Dapitan,Virginia,Philippines,680-760-391,"(0942) 215-7961","Rempel and Sons",http://mayert.com/iusto-saepe-odio-autem-modi.html,"Electronic Equipment Assembler",blue,2005-01-01,kunze.oswaldo@brekke.com,YxqH_?`Dj9!/We.&e
1c70949c-8a79-30e6-9af6-836f4b6f0d60,Prof.,Norma,Rau,"64 Farrell Alley Apt. 728","Suite 976","San Fernando",Delaware,Philippines,742-357-902,"(0915) 338-9464","Lueilwitz PLC",http://www.wuckert.com/consequuntur-ut-tempore-eveniet-ab,"Mental Health Counselor",fuchsia,1972-04-14,rschaden@douglas.com,")*""E.""v)Sg"
098e9aae-d31f-3cd7-a29d-e8b3fbfc6a21,Dr.,Misael,Gaylord,"35/72 Bailey Fall","Apt. 304",Vigan,Arizona,Philippines,882-580-611,"+63 (994) 725-6227",Harris-Nader,http://www.harber.com/odio-aut-nihil-consequatur-debitis-accusantium-impedit,Etcher,olive,2000-08-12,oconnell.nedra@turner.biz,rJ]#}Bi`;zK2E[23DBd[
7421abaf-336a-38a4-afe5-d4efb971dcd2,Mr.,Dannie,Schaefer,"37A/41 Tromp Forest Suite 807","Suite 109",Tandag,Pennsylvania,Philippines,969-825-495,"(0999) 931-9958",Streich-Sipes,http://kessler.com/,"Substation Maintenance",lime,1980-02-26,gianni77@gmail.com,.{P2@h.6e?[X
1de21cfc-19e9-31bf-a02d-3a05c1dfbc8f,Ms.,Elvis,Leuschke,"62A White Road Suite 051","Apt. 562",Ligao,Arizona,Philippines,431-081-942,"(0922) 205-2139","Kunze Ltd",http://carroll.com/reiciendis-animi-laborum-minus-reprehenderit-non-et.html,"Welding Machine Operator",teal,1974-09-14,merdman@yahoo.com,"OW,u,BhxzB/{<:w4Y:;t"
80b52d0a-c579-3adf-9901-b7b789e60d2d,Prof.,Louvenia,Reinger,"53 Durgan Lodge","Suite 108",Calamba,Vermont,Philippines,730-894-788,"+63 (979) 781-5598","Gibson LLC",http://walker.net/atque-aut-nostrum-error-temporibus-nobis-consequuntur,"Social Service Specialists",green,1991-08-21,schaefer.kayleigh@hirthe.com,"Yz)K`i%,/<uvPYS|8}1"
21a30ebb-b016-3833-a893-139566944d7d,Miss,Ines,Labadie,"45/48 Howe Ridge Suite 606","Suite 604",Olongapo,"South Carolina",Philippines,357-288-392,"(0998) 272-6774","VonRueden and Sons",http://fay.net/repudiandae-totam-soluta-quos-esse-voluptatibus-possimus,Psychiatrist,white,2020-07-22,herman.alene@bosco.com,"\wd3W#Z_\&"
efaf1e95-6895-35af-9b57-c3127314776e,Prof.,Lonny,Bechtelar,"88A Abshire Stream Apt. 777","Apt. 401","Sorsogon City",Louisiana,Philippines,180-775-294,"+63 (934) 453-9532","Botsford Inc",https://renner.com/ut-ut-ab-repellat-accusantium-voluptas-velit-dolor.html,Prosthodontist,blue,1977-04-01,smitham.tracey@bartoletti.com,WT+q1ol!y8A}fzvYx
c5a91042-9abf-3651-83fd-67ba6e07c3df,Mr.,Kade,Mills,"33/49 O'Keefe Crossing Apt. 471","Suite 138","Surigao City",Washington,Philippines,688-140-699,"+63 (938) 383-3507",Auer-Zieme,http://www.hammes.biz/,"Social Work Teacher",green,2009-09-24,garth.brakus@hotmail.com,7;;93h3)ks'y
e739b002-2ef3-348f-871e-d3ab0ec99f9f,Miss,Augustus,Schmeler,"28A Considine Spur Apt. 869","Suite 029",Dagupan,Delaware,Philippines,770-802-075,"(0931) 572-3182",Hickle-Yundt,http://www.hoeger.info/praesentium-totam-odio-sapiente-maiores-voluptas-laboriosam-corrupti-iusto.html,"Lawn Service Manager",teal,1980-09-29,ostracke@halvorson.com,MyXQbBkVl-RVWn~A|
50ec4104-49cb-3a45-a17d-8e6c0593770e,Prof.,Andres,Roberts,"18 Bode Junction Suite 238","Suite 855",Samal,Oregon,Philippines,132-159-792,"(0930) 816-8003","Zieme Group",https://mccullough.com/ut-optio-aut-labore-accusamus-cum-quae.html,"Wholesale Buyer",navy,2003-11-18,dangelo74@wunsch.com,"t,{^$uE)Z4"
e18c7e56-6e62-3a32-8dd1-2fb095422bd2,Prof.,Meaghan,Kunde,"23/54 Mosciski Ramp","Suite 363","San Carlos",Maryland,Philippines,375-731-207,"(0936) 759-4713","Lemke, Blanda and Lemke",http://www.kris.com/excepturi-non-id-reprehenderit-quo-et-enim-sed,"Petroleum Technician",navy,2014-12-02,pbeier@gmail.com,jkQ:8>
2e283969-731f-3bd5-8d3c-990cc1991247,Mr.,Domenic,Smith,"36 Marks Port Suite 923","Suite 305","San Pedro",California,Philippines,101-411-180,"(0919) 682-0029",Kemmer-Borer,http://www.quigley.com/natus-nostrum-soluta-consectetur-odit,"Painter and Illustrator",yellow,1974-12-18,white.elsa@stokes.com,~6@~XZ;'ra|!(ge/Hj
cf0060bd-4546-33ed-a046-697f1be493d4,Prof.,Lynn,Denesik,"86A/55 Beatty Manors","Apt. 881",Carcar,"District of Columbia",Philippines,076-600-878,"(0911) 617-4296",Jast-Keebler,http://www.mann.net/,"Interaction Designer",lime,1991-09-26,xavier64@yahoo.com,"#\o+t$5M!P"
74135b2d-e046-38b5-82c7-db795f0dd352,Mrs.,Keshaun,Funk,"25 Gorczany Road Apt. 370","Suite 388",Lipa,Connecticut,Philippines,481-356-750,"(0998) 886-8410",Rempel-Prohaska,http://upton.org/dicta-vel-doloremque-totam-quasi,"User Experience Manager",purple,2016-04-06,mertz.george@kreiger.org,vXW?q]FT
89aa375c-ff0f-3adc-8c2d-12f404d56762,Prof.,Magnolia,Johnson,"58 Jones Circles Apt. 711","Suite 157",Dapitan,Massachusetts,Philippines,953-581-454,"(0912) 136-9316",Kuphal-Terry,http://schuster.com/aspernatur-tenetur-architecto-accusamus-quis.html,"Photographic Reproduction Technician",teal,2023-03-20,heller.eddie@runte.net,bqdFLRjP=%n.HsqRqZY@
d4640b43-9fc0-337f-846f-c2bc9e21ea36,Mrs.,Ressie,Senger,"20A Murray Junction","Suite 355",Tangub,"New Hampshire",Philippines,077-913-437,"+63 (971) 581-4025","Pfeffer, Moore and Ebert",http://nolan.com/deserunt-est-nulla-officia-eum-dolorum.html,"Credit Checker",navy,1987-02-01,estefania57@quigley.com,Oq'i'>
f34830a1-bd12-3946-a2d3-94264e45de70,Dr.,Fausto,Kerluke,"20A Breitenberg Creek Apt. 362","Apt. 623",Valenzuela,Alaska,Philippines,125-536-934,"+63 (994) 347-1131","Collier, Pouros and Torp",http://satterfield.biz/,"Social Service Specialists",teal,2019-02-20,adela.russel@hotmail.com,"Z5VPzo`JM\L-gF#"
d4648103-068c-3606-ad75-fd9d517f8698,Mrs.,Kendra,Abshire,"23A/12 Dietrich Divide","Suite 448","Las Piñas",Georgia,Philippines,026-624-888,"+63 (998) 844-1739",Schuster-Macejkovic,http://www.beatty.info/quisquam-sit-occaecati-eligendi-aliquam-quas,"Bill and Account Collector",aqua,2020-06-11,kaycee50@kirlin.biz,7h]/gxb?Vur
bf52dc80-1a4f-3b59-8f46-17c40e1738c7,Prof.,Ernie,Quitzon,"34 Frami Port Apt. 044","Suite 868",Laoag,Nevada,Philippines,072-520-636,"+63 (931) 295-1028","Borer, Nolan and Bosco",http://www.rogahn.biz/voluptas-recusandae-eligendi-maxime-voluptatibus-possimus-voluptatem,Actuary,maroon,2000-08-06,clint31@hotmail.com,l%`E#c.L.:eN_
3704e686-ed27-3dd9-b22d-47df69b0b95f,Mrs.,Earline,Kuvalis,"83/28 Jacobson Views","Suite 642",Dipolog,Iowa,Philippines,207-478-012,"+63 (989) 896-7145","Hickle, Schaden and Bechtelar",http://turcotte.com/aut-dolor-sint-aliquid-eos-quae,Dishwasher,silver,2018-02-17,deja08@hotmail.com,[(3TC-80g
235a82d6-0f78-34da-945b-ad66c680b333,Mr.,Benedict,Hintz,"23A/10 Wunsch Route","Suite 998",Angeles,Nevada,Philippines,699-411-480,"+63 (939) 046-2095",Gutkowski-Ondricka,https://upton.com/explicabo-sit-praesentium-dolore-id.html,"Writer OR Author",green,1989-12-01,celine52@abshire.com,g+z[h3~
7fcc9ca5-4af0-3f26-88dd-8d727ff8f453,Miss,Donnie,Hoppe,"98A Hauck Mission Suite 427","Apt. 320","Cotabato City",Ohio,Philippines,076-073-255,"(0948) 821-7565","Adams, Koelpin and Lemke",http://www.jast.com/et-ut-voluptatibus-velit-adipisci-sit-sunt-maxime,"Fiberglass Laminator and Fabricator",white,1984-01-14,wiegand.ewald@yahoo.com,%6VG+b$H=d
7666d3b6-b5c5-332d-83b6-0c0c4584052a,Prof.,Matilde,Nicolas,"89 Weissnat Branch Apt. 162","Suite 099",Bais,"New York",Philippines,620-091-223,"+63 (978) 828-5222",Von-Bogisich,http://abbott.net/nemo-enim-sit-minus-ducimus-porro-tenetur.html,"Electronic Masking System Operator",navy,1989-06-22,trenner@yahoo.com,#57YVYa~M[aGZ
ffcca469-c535-309c-b3ae-ef69eb8fd674,Mrs.,Myrna,DuBuque,"70/59 Hyatt Fords","Suite 185",Mati,Oklahoma,Philippines,986-931-057,"+63 (905) 917-8684","Shields, Stark and Ankunding",http://batz.com/incidunt-dolore-dolor-ut-totam.html,"Fashion Designer",gray,1988-12-19,bechtelar.eleanore@swaniawski.com,"m}!?`J=k$,$pUE@"
767db0f8-7584-3e40-8931-25dadc7743e9,Dr.,Amos,Schiller,"55 Hirthe Walks","Suite 248",Tanjay,Florida,Philippines,686-394-733,"(0918) 131-0486","Luettgen Group",http://torp.info/ab-nam-repellat-quo-molestiae-eaque-dolores.html,"Social Science Research Assistant",navy,2009-06-05,fabian42@lebsack.com,7$5iL#FiIr#aM
8c62a0ac-15f5-3296-a092-8a531fe4d2a0,Prof.,Verlie,Beahan,"12A/29 Gaylord Dam","Suite 594",Makati,Florida,Philippines,118-203-687,"(0994) 765-3033","Donnelly Ltd",http://emard.com/est-consequatur-praesentium-ipsa.html,"Screen Printing Machine Operator",maroon,2020-10-26,turcotte.adrien@hotmail.com,/l{S^]9-2)w
99c4b270-0850-39dd-8b41-eed27b487fbf,Prof.,Larry,Wunsch,"85/83 Leuschke Knolls Apt. 906","Suite 069",Baybay,Nebraska,Philippines,347-538-156,"+63 (906) 586-5571","Pollich, Denesik and Upton",http://mcglynn.com/aperiam-illum-assumenda-laudantium-fuga-molestias-in-dolor-et,"Command Control Center Officer",aqua,1978-11-25,asanford@hotmail.com,U9%jq1Jv{QnaG
c5f26523-45dc-3e26-8880-7e8b1fbbb920,Prof.,Lowell,Conn,"48A Hauck Mountains Apt. 597","Suite 416",Iligan,Nevada,Philippines,911-711-237,"+63 (994) 439-1710","Paucek, Roberts and Greenfelder",http://gleason.net/quisquam-aut-laboriosam-nam-voluptatem,Curator,purple,2005-01-30,rutherford.ivy@lindgren.biz,-f^wx3ryDJ&
0bac7e2d-5bd8-388d-8e45-8dc51691447c,Mrs.,Myrtice,Price,"36/55 Terry Trail Apt. 273","Suite 402",Lapu-Lapu,Nebraska,Philippines,990-633-121,"(0919) 031-7821",Murazik-Schuster,http://nitzsche.com/,"Financial Specialist",yellow,1986-09-06,streich.gwendolyn@gmail.com,?~_?M2
166e952e-6ef9-31f7-afbc-a47d90dea36f,Mr.,Maximilian,Rau,"82A Howe Locks Suite 963","Suite 161",Cabuyao,California,Philippines,912-497-076,"(0922) 534-8689","Towne, Cremin and Nolan",http://douglas.org/earum-ullam-animi-et,"Fish Game Warden",green,2009-08-03,ferry.isac@johnson.com,",tM`uf{l!W<4"
d61519e3-e252-349e-bb33-df921e5218e9,Ms.,Lisette,Runte,"51A/24 Blanda Ville","Apt. 922",Baguio,Minnesota,Philippines,581-439-539,"(0997) 746-7709","McClure and Sons",http://www.hand.com/quo-ut-et-incidunt-porro,"Food Preparation",lime,1993-07-25,kariane.gottlieb@heller.com,ZA/A?rKTI4!t<3HH
5e12310e-513e-3ea2-a194-5523538bb26a,Dr.,Marcelina,Littel,"60A/75 Kunde Coves Suite 712","Apt. 632",Palayan,Indiana,Philippines,549-172-931,"(0923) 878-6734","Greenholt, Rath and Monahan",http://www.okeefe.com/possimus-ut-quia-labore-aut-doloremque-inventore-qui,"Agricultural Worker",black,2000-08-14,orland29@sawayn.com,SIRz#e9;QT=+
a5b32d90-185b-3f1d-87f5-ccff2733ab65,Prof.,Orville,Beier,"00A Cummerata Port","Apt. 337",Muntinlupa,"West Virginia",Philippines,283-381-744,"(0932) 470-8837","Schaefer, Bergstrom and Prohaska",https://www.west.com/ipsam-voluptate-et-saepe-est,"Distribution Manager",yellow,1979-04-09,bdurgan@gmail.com,"jK%=\Up)A5("
86e74734-b467-39de-bfca-1f332c967a69,Mr.,Alba,Rice,"57 Gibson Ramp","Suite 109",Lucena,"New Jersey",Philippines,549-174-529,"+63 (948) 149-3685","Turcotte, Strosin and Ebert",https://graham.org/et-fuga-eum-voluptas-libero-suscipit-eius-dolores.html,"Photoengraving Machine Operator",maroon,1994-11-28,isabel.gorczany@gislason.com,:3q59*d_{~1{+Kv[p<M-
185f6c94-ec08-3af5-8690-1f5af27e78fa,Dr.,Brandt,Waters,"72A/86 Marvin Point","Apt. 618","Puerto Princesa",Idaho,Philippines,004-892-911,"(0998) 634-5297",Bahringer-Welch,http://wyman.com/eum-enim-ut-rerum-aut-vero-recusandae,"Compliance Officers",navy,2007-07-16,nrobel@erdman.com,@U4K38jH=R
61f74cf3-d1fd-36b8-96a2-16e364e81f12,Dr.,Yoshiko,Metz,"00A McKenzie Ranch Suite 849","Apt. 391",Borongan,Missouri,Philippines,161-415-272,"(0979) 576-0159","Hand, Stanton and Renner",http://www.gulgowski.info/nihil-quas-qui-nam-perferendis-sit-aliquid.html,"Hotel Desk Clerk",white,2003-03-18,emilie07@king.org,$9r4D`Udj/e5TU-8
f8845c15-4e0e-387e-b4e7-bb9710e63590,Mrs.,Brisa,Block,"76/42 Glover Haven","Apt. 361",Panabo,Kentucky,Philippines,012-078-439,"+63 (931) 825-4232","Hoppe, Hilpert and Goodwin",http://mayert.com/non-optio-est-aperiam-ducimus-suscipit.html,Pediatricians,olive,1976-11-17,wmacejkovic@hill.com,"J]%%?5CW#\BK[bX#-S"
4554da3c-4dc4-3d4d-8a0e-cb03151dbc9d,Prof.,Wade,Satterfield,"90/39 Kautzer Mall","Suite 178",Palayan,Maine,Philippines,108-286-487,"(0930) 036-7281","Kohler, Thiel and Weber",http://www.damore.com/,"Pressing Machine Operator",white,1977-11-03,adonis.schmidt@ankunding.com,"?w/^eNo""("
5b983f99-6ef9-3861-8955-b118f1204923,Dr.,Waldo,Block,"51A/64 Swaniawski Estate","Suite 206",Parañaque,Tennessee,Philippines,138-190-626,"(0921) 612-5092","Jakubowski Group",http://www.ullrich.info/,"Emergency Medical Technician and Paramedic",black,2013-07-21,olson.easter@gmail.com,"Ovz""aU%1BJ"
513374a3-9f43-3ef8-bfa7-aaef7e911899,Ms.,Deondre,Schroeder,"95A Wunsch Village Suite 053","Suite 060",Manila,"North Carolina",Philippines,127-156-798,"(0918) 557-2197","Yundt Group",https://littel.com/voluptatem-consequuntur-est-cupiditate-officia-porro-explicabo.html,"Lay-Out Worker",green,1983-12-02,ubaldo63@yahoo.com,?4QW'7L;A|m/u
2b05498f-29b0-358a-a47f-849bbae16fe3,Mr.,Amalia,Nicolas,"65A Turner Forest","Suite 021",Navotas,Alabama,Philippines,607-787-762,"+63 (943) 031-0029","Wiza, Reinger and Flatley",http://tillman.com/,"Armored Assault Vehicle Officer",navy,1978-12-23,helene18@yahoo.com,kH7fRl
d8966b8b-0818-379d-9d25-28b333abde54,Miss,Geo,Kunde,"61A/50 McKenzie Field Apt. 187","Suite 890",Baguio,Tennessee,Philippines,405-365-556,"+63 (922) 014-0643",Schimmel-Bins,http://bailey.com/consequatur-facere-et-molestias-et-temporibus-dicta-odio,"Industrial Machinery Mechanic",green,2006-03-29,royal.koelpin@koch.com,"(>_q:|rOm\"
3ba7a32b-1966-3a89-aff6-09a425d6aaa2,Prof.,Nedra,Shields,"71A Walker Trafficway Apt. 237","Apt. 287",Urdaneta,Oregon,Philippines,589-859-595,"+63 (935) 793-5041",Monahan-Purdy,http://carter.com/,"Coaches and Scout",green,2002-11-16,jonas07@gmail.com,"TyR/2VAT)""Oj58,gJju"
61601db9-cc44-3724-85c9-68bcec21c7c1,Prof.,Haylie,Osinski,"34 Friesen Overpass Apt. 151","Suite 483",Isabela,"West Virginia",Philippines,798-131-144,"(0949) 312-9222",Bartoletti-Bahringer,http://www.kihn.com/veritatis-dolores-ut-sunt-est-cupiditate-quibusdam-consequuntur.html,Singer,white,1984-08-09,arlene.krajcik@daniel.com,aU:|G`=#O
6aa55070-696c-3ee7-8665-a41c00f268d1,Mr.,Forrest,Emmerich,"69 Steuber Inlet","Apt. 205",Caloocan,Arizona,Philippines,613-266-571,"+63 (930) 882-5588","Labadie Group",http://www.feeney.info/,"Central Office",teal,2012-04-30,milan16@mayer.com,"A!hU?""AAFF4.HfkF~jg"
c49c0968-edb3-386d-9f3a-8191989ed933,Mrs.,Lyric,Skiles,"90/44 Keeling Light","Apt. 759",Parañaque,Hawaii,Philippines,258-051-680,"(0900) 942-5652",Jakubowski-Pacocha,https://www.brakus.com/ipsam-et-quisquam-aspernatur-impedit-cum-itaque-hic,"Preschool Teacher",teal,2013-05-24,zack.buckridge@kunde.biz,"?]""t5uu"
779bdedd-fe6c-3456-8530-665d14f4e69d,Dr.,Flavie,Braun,"66A/42 Nolan Mission","Suite 561",Lucena,Minnesota,Philippines,144-582-920,"+63 (928) 747-2725",Jast-Sporer,https://dickinson.info/consequuntur-dolorem-ut-exercitationem-quaerat-cupiditate-provident-inventore.html,"Railroad Switch Operator",teal,2009-06-23,shirley68@yahoo.com,>q#Atu$$kD/l
bf780288-b94d-3abf-9103-8ffec64f0661,Ms.,Kevin,Hane,"81A Schneider Mews Apt. 371","Suite 054",Vigan,Oregon,Philippines,755-812-176,"+63 (971) 767-7785",Nicolas-Harris,https://lindgren.com/dolorem-reprehenderit-sed-est-voluptatem-nam.html,"Food Preparation",lime,2021-10-20,lukas.steuber@gmail.com,"fk)5.E`$sp%mt\YPkg"
d935c31a-5bbc-3bd2-921e-bbe65bce6a99,Prof.,Kay,Gutmann,"62A/11 Schmidt Island Apt. 238","Suite 227","Zamboanga City","District of Columbia",Philippines,658-222-941,"+63 (937) 230-7014",Bogisich-Quitzon,https://schultz.com/laborum-ut-praesentium-placeat-exercitationem-vitae-veniam.html,"Carpenter Assembler and Repairer",white,1989-08-05,umetz@kunze.com,Ko+w&itAE;E1LrHQ
25e719f4-c27b-3c9d-9c5a-8c93dff595c4,Prof.,Jane,Koss,"81A Jaskolski Spring","Suite 338",Tayabas,Mississippi,Philippines,795-472-512,"(0998) 715-4769","McKenzie, Stamm and Cummerata",http://www.rohan.com/molestias-eos-atque-nemo-aut-ea.html,"Fast Food Cook",purple,1976-03-21,deshawn64@hotmail.com,~}As{:Lh~3Ewh%f/]c
d69f34db-245a-3fae-af67-1b3f28098897,Prof.,Aliyah,Conn,"98A/31 Strosin Hollow","Apt. 375",Palayan,Missouri,Philippines,622-679-155,"+63 (813) 313-0656","Larkin, O'Kon and Koch",http://www.halvorson.com/,"Mechanical Engineering Technician",silver,1974-04-06,tyree.sawayn@yahoo.com,&;K:oA<Lx3Tj
45a325bc-8fa0-322b-ae84-0455af603065,Dr.,Andreane,Crist,"80A Thiel Plain","Apt. 386",Pasay,Alaska,Philippines,737-527-199,"+63 (949) 976-5185","Kshlerin Group",http://wolf.com/ut-molestias-ea-eum,"Real Estate Association Manager",aqua,1972-04-17,peyton.larson@feeney.net,7uL8l+JYvC
c293f64e-b1a0-3f46-9eb1-3bc4ccf24231,Prof.,Daphney,McClure,"48 Ziemann Street Apt. 919","Suite 167","San Pedro",Colorado,Philippines,007-634-267,"(0908) 019-4435","Kassulke, Braun and Deckow",https://stracke.biz/voluptas-quae-fuga-voluptas-saepe-iste-autem.html,"Preschool Teacher",green,2021-07-23,kristin.connelly@altenwerth.com,ZtN?hPid|l
97de325e-07d5-352b-95a7-1bb6de0bce2c,Mr.,Cecil,Konopelski,"91 Dietrich Circles Apt. 933","Suite 991",Bogo,Oregon,Philippines,541-509-841,"(0916) 204-7173","Rodriguez Inc",https://koepp.org/eius-et-velit-voluptatum-fugiat.html,"Punching Machine Setters",lime,2018-01-14,pfriesen@hoppe.com,";iIZ[$!kUtj,rr%"
aceeb743-a467-3ca2-9bdd-a3d9cd89d480,Mr.,Jennings,Cartwright,"26/54 Bogan Tunnel","Suite 397",Danao,Arizona,Philippines,754-757-750,"+63 (974) 237-8458","Harber, Wintheiser and Keebler",http://www.carter.com/in-similique-earum-consequatur-ad-pariatur-unde-tempore,Bookbinder,green,1991-09-04,kira75@torphy.com,kgaldFon(jG
0c0a449a-6cbe-3227-85c5-e35a7dbdc607,Ms.,Cathryn,Gutkowski,"76A Roob Plains","Suite 840",Talisay,Nevada,Philippines,996-979-780,"(0907) 434-7137","Bednar Inc",http://considine.com/,"Electronics Engineering Technician",purple,1981-06-18,ybraun@mertz.biz,">S)\l|Y>T@`o;o"
65f1aa57-fc5b-3018-b482-0fc2b58192e5,Dr.,Whitney,Metz,"97 Lindgren Mountain","Suite 421",Cadiz,Louisiana,Philippines,926-718-037,"+63 (998) 710-0189","Howe LLC",http://www.hauck.com/,"Stringed Instrument Repairer and Tuner",black,1991-05-22,kernser@yahoo.com,"`x){:,gq"
35352e43-36d7-3e83-b212-d2c2593e7e0d,Dr.,Magdalena,Bailey,"57 Heaney Vista","Suite 783","Cagayan de Oro",Florida,Philippines,145-338-048,"(0900) 916-6251",Friesen-Johns,http://www.hickle.com/,"Floral Designer",navy,1995-02-21,dmoore@dibbert.info,Y{1omqf
8841798c-244d-32ed-9743-a4f7b4c935f3,Mrs.,Rylan,Lakin,"44/12 Keebler Lights Suite 143","Suite 442",Lapu-Lapu,Oregon,Philippines,871-990-946,"+63 (927) 159-5421","Stracke and Sons",http://hamill.com/delectus-mollitia-voluptates-vitae-eos-officiis-omnis.html,"Textile Cutting Machine Operator",olive,2011-03-19,dennis.blick@gmail.com,30^2B*/:?^RQ:82
ed98ba33-6f27-3891-ab17-b603380962a0,Dr.,Rafael,Kuhic,"57A Kemmer Row","Apt. 893",Tagaytay,Ohio,Philippines,941-250-872,"(0927) 474-4065","Ritchie and Sons",http://www.waters.info/molestias-sapiente-dignissimos-est-nesciunt-quae,"Psychology Teacher",black,1979-02-12,dgleason@hotmail.com,"GJ.H~9[>^g,0Bh/V"
65c624ad-d3d5-3bee-8f92-683d639abd86,Dr.,Kaia,Pagac,"56A O'Reilly Crest","Suite 796",Cadiz,"North Dakota",Philippines,746-027-855,"(0949) 877-4351",Funk-Kutch,http://www.williamson.biz/quo-qui-totam-est,"Computer Hardware Engineer",olive,2013-08-05,dante.moen@gmail.com,2x~Owa={PUgF`*N
55c7f1df-868e-3db6-9821-e5ab6b2f009b,Mrs.,Dejah,Conroy,"64A/68 Runolfsdottir Stream","Suite 583",Malolos,Tennessee,Philippines,589-167-596,"+63 (980) 546-8193","McCullough Inc",https://sanford.biz/labore-molestiae-fugiat-perferendis-quia-reiciendis.html,"Marketing Manager",gray,2003-07-01,owalter@koss.com,W#bk4sGH5^ItGc}55E
ae8dd6bf-85ae-3686-ba69-bb366f2f8f8f,Ms.,Maxie,Wiza,"89/63 Kuhlman Field","Suite 135",Pasay,Georgia,Philippines,041-936-536,"(0939) 002-0024","Eichmann, Balistreri and Wuckert",http://schmeler.net/veritatis-aut-natus-ab-voluptatum-inventore-adipisci-necessitatibus,"Gas Processing Plant Operator",olive,1979-04-28,mrussel@yahoo.com,B[U]-.Ta1gvSPW
2bf88d03-dfd9-3d71-8527-b5b525a8387a,Mr.,Doug,Bergnaum,"91/30 White Park","Apt. 208",Laoag,"South Carolina",Philippines,449-563-177,"(0909) 612-2943","Schultz, Wolff and Krajcik",http://www.kunde.com/officia-qui-sapiente-et-in-laborum,"Petroleum Technician",purple,2014-01-24,chelsea.schoen@hotmail.com,V<S{G5*
a25ad423-b7bc-3d2b-99b8-806a86e6efc1,Mr.,Gretchen,Lang,"17A/13 Adams Knoll","Apt. 292",Tangub,Virginia,Philippines,970-465-443,"(0929) 741-6842","Haley, Renner and Boyer",http://harris.biz/,"Press Machine Setter, Operator",green,1978-02-14,benedict58@yahoo.com,}5Mmp1d+`
a49b498f-7db8-35e3-aa35-2e81be799b7d,Mrs.,Dorothy,Hirthe,"10A/77 Fadel Coves Apt. 285","Apt. 846",Naga,Nebraska,Philippines,642-344-682,"(0933) 997-3870","Zieme Ltd",http://www.mann.com/molestias-possimus-assumenda-incidunt-dolorum-fugiat-sunt.html,"Woodworking Machine Setter",maroon,2005-12-05,aeichmann@kohler.com,"F<!5}4{iFaSy4m,b?Aq7"
c06987b0-10fc-3a5d-8c26-5be462b8797f,Mr.,Beatrice,Becker,"77 Wilkinson Course","Suite 419",Digos,Kansas,Philippines,954-381-033,"(0930) 064-5192",Bernier-Kub,http://boehm.com/sit-nihil-a-repellendus-eos-ratione,"Life Science Technician",maroon,1982-05-14,walsh.demetrius@gmail.com,c*3FXA
c935028c-153e-3075-861e-dc5d87389af4,Dr.,Sanford,Hansen,"79A Hyatt Square","Suite 064",Tacloban,Kansas,Philippines,011-457-366,"(0937) 155-5003",Morissette-Goyette,https://www.hauck.com/laudantium-ea-qui-in-voluptatem-omnis-occaecati-nesciunt,Epidemiologist,yellow,1976-06-16,lowell53@gmail.com,}cK(=zq*A+v8
c52d594b-cbdf-3ea5-9afd-477849b9ddff,Mr.,Adaline,Bins,"69/22 Hammes Greens","Apt. 226","San Fernando",Illinois,Philippines,715-411-432,"+63 (813) 020-0485","Mraz Ltd",http://mraz.com/sit-aut-perspiciatis-voluptatum-voluptates-magni-voluptatem-eveniet.html,"Metal-Refining Furnace Operator",lime,1985-11-08,champlin.frederik@yahoo.com,"EM:BK!q!_6%HG[spOQ=\"
c883489a-cde7-3019-8aa7-d240dd425790,Dr.,Brock,Schneider,"42/32 Schuppe Parkways Suite 196","Suite 628",Vigan,Kansas,Philippines,440-620-812,"(0909) 341-9935","Jacobs, Schmidt and Howe",https://cremin.com/dolores-et-odit-perspiciatis-et-rem-atque.html,"Welding Machine Operator",maroon,2005-12-27,drippin@blanda.com,"uzun[\wfOLg.k"
c368aa1d-fd12-3c67-9a4c-9dba527368da,Prof.,Anastasia,White,"78/27 Moore Oval Suite 517","Suite 434",Tabuk,Missouri,Philippines,595-152-585,"+63 (908) 634-7363",Langworth-Gerlach,http://www.barrows.com/,CFO,silver,1996-12-01,wiza.coleman@connelly.org,T~`2&6{[Z
933ed915-8e51-35f3-b875-2fa2f249035d,Prof.,Greyson,Gleason,"88A Breitenberg Knoll Suite 359","Suite 753",Toledo,Arizona,Philippines,474-701-532,"(0978) 788-6161",Mayer-Daugherty,https://kemmer.com/numquam-ut-maiores-ab-consectetur.html,Roustabouts,blue,1987-06-03,beer.elmo@gmail.com,"e[-LRySrqz^Q|],:j"
e11175df-42ec-391c-9484-64c479c68657,Miss,Emmitt,Crona,"45/28 Schneider Roads Apt. 948","Apt. 873",Cabadbaran,"New Mexico",Philippines,499-367-370,"(0917) 385-9067","Sawayn, Hoeger and Kohler",https://www.bednar.com/et-numquam-consectetur-atque-ratione-aut-fuga-eum,"Sewing Machine Operator",navy,1979-08-08,ratke.gayle@daniel.net,_^Jnlb
e667810d-5135-3110-b8c6-21002bf42e0b,Dr.,Garett,Mueller,"25 Adams Ville","Suite 011",Lucena,Michigan,Philippines,862-429-942,"+63 (935) 567-6005","Davis LLC",https://www.stanton.com/velit-laborum-tenetur-voluptatem-recusandae-quo,Opticians,aqua,1989-09-12,uvonrueden@hotmail.com,"{~3RY:3P\'vZ<R"
cbc1a07f-6ff6-3a88-8c41-1f54a548fe2f,Prof.,Willy,White,"70A/33 Johnson Station","Apt. 479","Santa Rosa",California,Philippines,468-283-202,"(0927) 092-0150","Collins LLC",http://www.ruecker.com/,"Shear Machine Set-Up Operator",yellow,2000-09-09,estracke@abernathy.com,")m,6^Jo//>JszJ-+3Zm^"
d883b8e2-c641-3f09-bfdb-d829c282e24f,Dr.,Tracey,Stoltenberg,"37 White Cliff","Apt. 313",Dumaguete,California,Philippines,447-671-120,"(0974) 774-5876","Wintheiser and Sons",http://www.jast.com/eum-sed-est-delectus-voluptatem-corrupti.html,"Video Editor",green,2012-06-17,yost.nelda@jacobs.org,HH+Z0QWSd:z?7=?]DH
802ed622-ad30-3f02-bd2a-5170cb5d5c4f,Prof.,Ardella,Rodriguez,"23A/67 Howell Walks Suite 616","Suite 846",Bacolod,Tennessee,Philippines,658-788-619,"(0920) 599-8936","Larkin Group",http://christiansen.com/et-vel-et-voluptas-accusantium-labore.html,"Postal Clerk",lime,1979-08-16,rkautzer@lemke.com,>Gt(*9&PH
6168f043-5899-372a-a7f4-0f07b0288557,Dr.,Madge,Hagenes,"26 O'Conner Center Apt. 669","Suite 878",Maasin,"South Dakota",Philippines,901-560-032,"(0817) 152-9061","Murphy, Padberg and Bartoletti",http://stiedemann.com/corrupti-repellat-explicabo-sapiente-voluptatibus-incidunt-hic-molestias,"Medical Equipment Preparer",gray,2010-05-02,bulah42@kautzer.org,"kX-IO2DjDfPlbY,HufMl"
18925a31-b656-34b4-ba11-dce28a2eea55,Mrs.,Emerald,Ernser,"74A DuBuque Isle Apt. 111","Apt. 367",Dasmariñas,Colorado,Philippines,791-208-950,"+63 (813) 634-6410","Konopelski, Ankunding and Tillman",http://www.moen.biz/et-quidem-qui-sequi-quia-et,"History Teacher",yellow,1980-01-07,bwilliamson@hotmail.com,F!G@?PvB)[
933a873a-604b-309f-97aa-f494284a9970,Prof.,Audrey,Streich,"35/72 Kautzer Land","Suite 983","San Pedro",Pennsylvania,Philippines,891-271-121,"(0946) 443-5223","Homenick PLC",http://www.wyman.net/ipsum-dolorum-quia-dignissimos-inventore-aut-qui,Janitor,teal,1997-11-22,beahan.sabryna@hotmail.com,",81!-`#FJeulAzg1Q;pQ"
f470e3cf-1237-32f3-9db7-89775a4ceed4,Dr.,Rosalia,Collier,"90A/42 Steuber Squares","Suite 583",Dumaguete,Georgia,Philippines,648-592-204,"(0971) 348-1721","Ledner Group",http://bayer.org/voluptates-accusamus-asperiores-repudiandae-nihil-culpa-et-sunt,"Medical Laboratory Technologist",blue,2021-03-04,feeney.colt@gmail.com,'1M:`/d$:Y2^
6a789e51-1e5f-3c3f-9cfa-dba7ec004b03,Dr.,Magali,Brakus,"63A Skiles Row Apt. 670","Suite 541","San Pablo",Hawaii,Philippines,513-939-665,"+63 (921) 670-5613","Zboncak and Sons",http://wiegand.com/aut-doloribus-accusamus-eos-cumque-labore-nihil.html,"Lawn Service Manager",silver,1994-12-16,beulah.satterfield@pouros.com,"c$e1roG<'Y^\]lRC"
d1049f99-05a1-37c7-9b38-1db2de076133,Prof.,Nathanial,Corwin,"38 Mertz Pass","Suite 856",Candon,Alabama,Philippines,676-821-542,"(0996) 611-6401","Pagac, Balistreri and Little",https://www.runte.biz/architecto-et-est-veritatis-quis-qui,"Commercial Pilot",black,2016-08-09,alisha03@gmail.com,zAJ23J
58fed936-2fc2-34f1-aa9d-1b296e0c0d25,Mr.,Olen,Gerlach,"09A DuBuque Street","Apt. 499",Ilagan,"South Dakota",Philippines,643-275-858,"(0926) 175-2374","Turner, Gleason and Walsh",http://www.hermiston.com/,"Sawing Machine Tool Setter",purple,1988-03-20,fanny51@ullrich.com,j2.B%}Si%p$
b4772525-25d5-3cba-bb51-93a8a03eb821,Prof.,Kaela,Volkman,"35 Zboncak Falls","Suite 317",Biñan,Nevada,Philippines,051-415-274,"+63 (978) 877-9621",Greenfelder-Wilderman,http://www.medhurst.com/sunt-et-architecto-odio-placeat-rerum,"Industrial Engineer",fuchsia,2005-05-16,aheller@smith.com,lV3i}%.mgQk8]jDScl
e09a653f-93ec-3a25-93e0-7a0c3f2fcd5f,Prof.,Rhea,Smitham,"18/95 Brakus Ford Suite 314","Suite 979",Batac,Iowa,Philippines,415-218-310,"(0918) 236-7856","Roberts Ltd",http://berge.com/,"Supervisor Correctional Officer",maroon,1971-12-24,reichert.chad@yahoo.com,ky0=J(pdr4E#<^+e
23527597-6f1f-38be-a625-cb8e8977e26a,Prof.,Annabelle,Grady,"39A/10 Rohan Mills","Apt. 830","Davao City",Iowa,Philippines,720-538-509,"(0930) 079-0887","Baumbach LLC",http://www.conroy.info/atque-ducimus-dolor-veritatis-fuga-dolorem-nam-id-vitae,"Brake Machine Setter",navy,2021-12-09,tgerlach@yahoo.com,sr#5LR}=oMhiy_
07c24b3e-5edd-3a2e-9fb0-51d1ffef687b,Mrs.,Verdie,Runolfsson,"32/28 Legros Summit","Suite 178",Mandaluyong,Oklahoma,Philippines,679-514-229,"(0926) 336-3674",Hauck-Marvin,http://www.daugherty.net/,"Emergency Medical Technician and Paramedic",navy,1982-08-18,mabel.will@pfannerstill.com,S~{cP(fp<49F1a9f
a84304a3-cbc6-31de-b008-9f8c739e6737,Prof.,Lynn,Hayes,"92A Franecki River Suite 382","Suite 744","Batangas City",Idaho,Philippines,063-244-595,"(0813) 906-5264","Homenick, Jakubowski and Bode",https://abernathy.com/excepturi-deserunt-amet-sed-sapiente-odit-aperiam-nihil.html,"Flight Attendant",white,1996-04-13,ebrekke@dubuque.com,"r,i$O>dUC*O2IG^P"
26ee504a-3c07-3eaa-8759-65dac2042cc8,Dr.,Meagan,Hayes,"12A/58 Schowalter Views Apt. 979","Apt. 607",Bacoor,Kentucky,Philippines,265-539-690,"+63 (900) 656-1877","Hill, Nader and Cronin",http://www.ratke.com/,"Maintenance and Repair Worker",aqua,2023-05-13,amccullough@thiel.com,b+=0kVeN9Wj&]wA<
58f63c44-2bad-3922-91c1-acc4a334f325,Prof.,Annalise,Labadie,"44A Zieme Lights Apt. 513","Apt. 371",Victorias,Nevada,Philippines,902-747-867,"+63 (916) 122-0926",Bergstrom-Keeling,http://www.block.info/omnis-et-est-architecto-quia,"Molding and Casting Worker",teal,2015-03-20,ybayer@yahoo.com,"=T8dCj""ceYc-Q"
f51896e6-21cd-3c6a-a95b-b3117d145cc1,Dr.,Rosina,Aufderhar,"82A/56 Sanford Flat","Suite 038",Kidapawan,"New Jersey",Philippines,717-045-837,"(0918) 706-0829",Langworth-Haag,http://www.hirthe.com/,Plumber,maroon,2022-02-12,frederique30@becker.com,"RN'2K>M^d,DH-R.sCC"
f9502b06-a5a0-3c17-b361-25340c6703f5,Prof.,Dayna,Turner,"84A/36 Roob Viaduct","Suite 272",Navotas,Minnesota,Philippines,023-334-551,"(0974) 989-3107","Streich LLC",http://funk.com/,"Oil and gas Operator",green,1986-05-01,ahmed.crist@schumm.com,">he.%""Kb9+!H_R=f&"
8bf34ed2-57f7-34d0-ad75-53173949f4e3,Dr.,Susana,Konopelski,"56A Bradtke Stravenue Suite 831","Apt. 599","Santa Rosa",Pennsylvania,Philippines,545-008-348,"+63 (900) 414-4475","Botsford Group",http://www.bogisich.biz/ullam-veritatis-eum-quis-dolorem-incidunt-aut-consequatur-exercitationem.html,Designer,green,2019-09-28,ylabadie@hotmail.com,}XS6%W~/eqq~49q;n{
00763bfa-3aa0-3069-a169-e165d4527ef1,Prof.,Idella,Welch,"11 Monahan Roads","Suite 635",Maasin,Wyoming,Philippines,715-379-568,"+63 (999) 795-4113","Sipes Group",http://www.hudson.com/qui-et-molestiae-accusantium-odit,Actuary,black,1973-01-30,tiara01@yahoo.com,|Wk#&[ISv_9E6<zXHfD?
286a9e62-3a6e-3268-8c92-8f8665c46873,Dr.,Tiffany,Padberg,"98/30 Bode Freeway Suite 330","Suite 160",Dumaguete,Georgia,Philippines,416-544-482,"+63 (923) 571-6670","Willms, Borer and Kassulke",http://harvey.com/dolorem-quis-dolore-quis-et-eveniet-officiis-dolor.html,"Health Services Manager",navy,1981-08-29,art16@yahoo.com,"ewx^LRh3X[jf,gg4d95"
40a6eee0-67af-39b6-a823-f9f6b0e6a851,Prof.,Magdalena,Maggio,"10A Conroy Place Apt. 748","Suite 566",Iriga,Idaho,Philippines,325-392-219,"(0947) 767-9574",McGlynn-Marks,http://www.wuckert.com/illo-cumque-aut-numquam-et-ipsam,"Public Relations Specialist",lime,2008-01-22,brooks92@hotmail.com,-Bl5pl@
6e2a8b92-c468-35ea-b774-687bbd101eed,Dr.,Shanon,Rodriguez,"05A/98 Cormier Glen Suite 921","Suite 276",Dumaguete,Nevada,Philippines,922-309-366,"+63 (925) 506-4579",Rath-Douglas,https://www.nicolas.org/labore-doloribus-reiciendis-tenetur-omnis,"Copy Machine Operator",yellow,1973-02-01,donald.balistreri@nikolaus.info,t5}=2y;r3)$]
dbe8abdb-4f85-315e-8756-0df8fbbf6161,Prof.,Lily,Wilderman,"42A Yundt Loop","Suite 520",Koronadal,Utah,Philippines,071-996-557,"(0910) 396-0338","Hansen, Pfannerstill and Moore",http://www.moore.net/voluptatem-ut-quo-fugiat-in-aut-voluptatem-laudantium.html,"Molding and Casting Worker",lime,2013-08-30,ikihn@lowe.org,wY$ZhDFwf
f582f409-685d-3294-8d7d-e9904491440c,Prof.,Destin,Hyatt,"40A/32 Stoltenberg Ville","Apt. 240",Tuguegarao,"New Mexico",Philippines,773-482-975,"+63 (925) 227-0737",Kihn-Kuphal,https://botsford.net/similique-facere-autem-quod-occaecati-explicabo-aut-corrupti.html,Fitter,black,2013-09-16,heathcote.christiana@fadel.org,NEN55}
ff3eb6a7-4ccc-3766-8c75-9f39513b4351,Prof.,Dahlia,Schowalter,"13 Rolfson Dam","Suite 749",Imus,Delaware,Philippines,543-422-786,"(0905) 490-0489","Witting, Ruecker and Rath",http://www.cummerata.com/est-dignissimos-non-consectetur-consequatur-fugiat-a-ullam-et,"Transportation Worker",blue,1984-02-21,mwehner@gmail.com,"^t>w@NEb=45>\NH\P"
f4f1e6d8-a211-3744-b892-f5b8d7fa9761,Ms.,Robyn,Schimmel,"71 Wiegand Plain Apt. 560","Suite 572",Calamba,Arkansas,Philippines,280-275-736,"(0942) 244-5064","Jacobs, Beahan and Kozey",http://www.langosh.com/animi-qui-nostrum-quia-aut-qui-quis.html,"Rehabilitation Counselor",olive,2014-05-02,estoltenberg@hotmail.com,M?J@2cfS6n__B{#AT4
e11f4ecb-1fd7-3c9d-ba48-d8f7a9d9c0ac,Prof.,Neva,Kozey,"88/71 Medhurst Mountain","Suite 643",Tayabas,"New Hampshire",Philippines,312-638-895,"(0937) 361-0248","Leannon, Gerhold and Stehr",http://rohan.com/dicta-porro-modi-natus-ut-provident,"Sports Book Writer",teal,2020-11-07,schultz.geovany@larson.com,"]34{qL8:?IO""\CMEU@"
dec21f57-d622-38cc-8640-f5f5e13adf7c,Mrs.,Jaunita,Halvorson,"86/66 Lang Dam","Suite 349",Makati,Arizona,Philippines,762-466-089,"(0918) 773-0624","Rowe, Ortiz and Reilly",http://ward.com/,Astronomer,green,1992-07-29,bianka.muller@hotmail.com,"gzJ>\NvM"
1412890c-712a-368d-a47e-9608dff88945,Mrs.,Norma,Kuhic,"87A Leannon Highway Suite 423","Apt. 860",Santiago,Arkansas,Philippines,234-389-381,"(0928) 387-2203","Hammes, Dickinson and Schowalter",http://weimann.com/saepe-id-explicabo-magni-consequuntur-commodi.html,"Gas Appliance Repairer",blue,1973-06-14,fdavis@gmail.com,"\6zBLaDYsdzpE{7u+A0"
ecced23f-b503-35be-9204-cd2e57a38ac1,Prof.,Brian,Koepp,"67 Jast Viaduct","Apt. 090","Surigao City",Delaware,Philippines,381-899-174,"+63 (978) 342-4502","Will Inc",http://www.kilback.com/,"Set and Exhibit Designer",purple,1983-05-08,langosh.stanley@collins.info,".J8#e"""
92daa5c5-773c-3cbf-8e2b-76f7f6b57a04,Mr.,Michel,Schoen,"72 Botsford Viaduct Suite 032","Suite 417",Malabon,California,Philippines,868-712-488,"(0937) 879-4696","Skiles, Ryan and Auer",http://www.ruecker.com/nulla-et-quae-ad,Epidemiologist,purple,2003-04-17,bryce.kunde@towne.org,"&NZh`\"QI"
73835387-0c5f-338e-b83a-057f60d532d2,Miss,Amparo,Jaskolski,"55 Swift Spring Apt. 348","Suite 073","San Pablo",Nevada,Philippines,792-599-119,"+63 (974) 506-1656","Fritsch, Morar and Bruen",https://pouros.com/sed-beatae-dolore-ea-alias.html,"Automotive Master Mechanic",blue,1984-06-17,rohan.liliane@anderson.com,"<i54a,b."
3eb88baf-1d99-3412-957d-4b445e1cce5d,Dr.,Daphne,Haley,"02A Halvorson Glen","Apt. 070",Bislig,"New Jersey",Philippines,023-926-037,"+63 (973) 190-3917","Adams LLC",http://www.swift.com/,Waitress,black,1981-10-07,pbrakus@abbott.info,rAo?W+
9fb11e49-c965-3be2-99c8-9df20e29f1fd,Ms.,Sabrina,Miller,"31 Gerhold Falls Apt. 986","Suite 048",Talisay,Vermont,Philippines,154-323-711,"(0915) 198-1655","Kiehn Group",http://www.jaskolski.biz/ea-placeat-laudantium-aut-modi-distinctio.html,"Proofreaders and Copy Marker",lime,2024-01-22,cameron.schiller@gmail.com,AX_EwyY:McMp
c463589a-15e9-3f74-86d2-9b0af308fe3a,Miss,Abbigail,Bins,"12A/50 Durgan Isle Apt. 770","Apt. 979",Dapitan,Montana,Philippines,685-205-426,"+63 (947) 818-7536","Hamill Inc",https://grady.com/aspernatur-vel-dolorem-id-sapiente-a-est-qui-autem.html,"Landscape Artist",aqua,1992-10-19,schumm.fiona@hotmail.com,?gDL8F-/CBNu/{_yQ*
7e927261-438a-3bd8-be0e-6bbf98ecda8d,Miss,Kenya,Runolfsson,"64A/33 Toy Estate","Suite 584",Tanjay,Colorado,Philippines,190-817-506,"(0971) 120-2157","Langosh, Muller and Eichmann",http://www.waters.com/optio-voluptatem-qui-tenetur-totam-asperiores-et-rerum,"Fire-Prevention Engineer",lime,1982-01-21,osborne.fay@hotmail.com,Eae7VQ4nZ*7{UP
04b9d606-21ae-3c7b-b293-be62eeb489c3,Prof.,Dixie,Swift,"86/34 Labadie Cape","Suite 143",Parañaque,Washington,Philippines,946-328-798,"(0947) 368-4567",Carroll-Schoen,http://www.leuschke.com/porro-nulla-aut-est-iste-soluta-reprehenderit-rerum.html,"Licensing Examiner and Inspector",purple,1999-11-22,donnelly.jayce@hotmail.com,AtXDl<^G6qbGIFA{
99238ecd-d207-3975-9253-52c0802c06d7,Dr.,Bonita,Rohan,"12A Fahey Ways","Apt. 096","Cotabato City",Tennessee,Philippines,699-632-625,"(0923) 030-6332","Howell LLC",http://www.reinger.biz/laboriosam-voluptatum-dolores-et-qui,"Nuclear Equipment Operation Technician",olive,2007-12-22,olin42@yahoo.com,_BI9Hd6z49a
bd07d658-c47a-31e3-984b-16e0c9f31aca,Ms.,Gabriella,Schneider,"19A/47 Huels Village","Apt. 133",Oroquieta,Alaska,Philippines,232-589-932,"(0996) 185-3680","Champlin Inc",http://franecki.net/quaerat-eaque-deleniti-laudantium-atque-asperiores-beatae-et,"Clinical Laboratory Technician",lime,1979-01-22,srunolfsson@king.com,mXQxqVA
ab929b07-cd7e-3548-9f22-9b5168465aac,Dr.,Chandler,Rath,"10A Mante Port","Apt. 340",Carcar,Missouri,Philippines,709-804-553,"(0917) 148-7239","Emmerich LLC",https://auer.info/nisi-rem-ex-iusto-possimus-sit-vel-voluptates.html,"Biomedical Engineer",olive,1989-12-18,jed39@gmail.com,|cVuL7:HU_`E
b04e3942-1826-30ec-bba0-813c1ac21c7e,Dr.,Marlon,Mertz,"30A/90 Gutkowski Greens","Suite 703","San Jose del Monte","New Hampshire",Philippines,375-606-457,"(0909) 461-0078",Kutch-Russel,http://www.hagenes.com/,Sculptor,green,1987-10-21,jonas39@yahoo.com,3oHIF2Z#ec9Ii
4766b967-5545-3dc0-b5a7-559c2677de5b,Prof.,Troy,Konopelski,"57A/26 Hoeger Burgs","Suite 557",Bogo,Mississippi,Philippines,888-211-774,"+63 (923) 140-1791","Wunsch Inc",http://www.bechtelar.org/,"Elementary School Teacher",silver,1987-05-06,walter.mazie@gmail.com,"KP;}$<m&h,ktGf4"
9035417e-fb4f-367a-bc2c-d2ef53f50655,Mr.,Mozell,Zboncak,"44 Haag Route","Apt. 080",Cadiz,Wisconsin,Philippines,881-214-070,"+63 (933) 413-2286","Bode Ltd",http://lubowitz.info/,Government,blue,2021-10-23,ada.muller@lind.info,pBI'LmZoWV
